method,path,controller,handler,guards,skip_csrf,require_json,step_up,source,source_sha256
GET,/,AppController,root,,false,false,false,apps/api/src/app.controller.ts,c93d2416508ca040948491b80b0271a8d6f9e2c91c0447ec3a518a286750079a
GET,/api/admin/agent-slots,AgentSlotsController,list,SessionAuthGuard,false,false,false,apps/api/src/ai-agents/ai-agent-slots.controller.ts,84d09b14d8f6ad5b4052b96efc399b4982dc4b01a1f962da14baaeb624a18a06
PUT,/api/admin/agent-slots/:slotKey/agent,AgentSlotsController,assign,SessionAuthGuard;StepUpGuard,false,false,true,apps/api/src/ai-agents/ai-agent-slots.controller.ts,84d09b14d8f6ad5b4052b96efc399b4982dc4b01a1f962da14baaeb624a18a06
GET,/api/admin/agents,AgentsController,list,SessionAuthGuard,false,false,false,apps/api/src/ai-agents/ai-agents.controller.ts,5ab13bafb97aad4beca3619bb4509508ba884e7809b005e00934a7c819b929bb
POST,/api/admin/agents,AgentsController,create,SessionAuthGuard;StepUpGuard,false,false,true,apps/api/src/ai-agents/ai-agents.controller.ts,5ab13bafb97aad4beca3619bb4509508ba884e7809b005e00934a7c819b929bb
DELETE,/api/admin/agents/:id,AgentsController,remove,SessionAuthGuard;StepUpGuard,false,false,true,apps/api/src/ai-agents/ai-agents.controller.ts,5ab13bafb97aad4beca3619bb4509508ba884e7809b005e00934a7c819b929bb
GET,/api/admin/agents/:id,AgentsController,get,SessionAuthGuard,false,false,false,apps/api/src/ai-agents/ai-agents.controller.ts,5ab13bafb97aad4beca3619bb4509508ba884e7809b005e00934a7c819b929bb
PUT,/api/admin/agents/:id,AgentsController,update,SessionAuthGuard;StepUpGuard,false,false,true,apps/api/src/ai-agents/ai-agents.controller.ts,5ab13bafb97aad4beca3619bb4509508ba884e7809b005e00934a7c819b929bb
POST,/api/admin/agents/:id/kbs,AgentsController,addKb,SessionAuthGuard;StepUpGuard,false,false,true,apps/api/src/ai-agents/ai-agents.controller.ts,5ab13bafb97aad4beca3619bb4509508ba884e7809b005e00934a7c819b929bb
DELETE,/api/admin/agents/:id/kbs/:kbId,AgentsController,removeKb,SessionAuthGuard;StepUpGuard,false,false,true,apps/api/src/ai-agents/ai-agents.controller.ts,5ab13bafb97aad4beca3619bb4509508ba884e7809b005e00934a7c819b929bb
POST,/api/admin/agents/:id/policies,AgentsController,addPolicy,SessionAuthGuard;StepUpGuard,false,false,true,apps/api/src/ai-agents/ai-agents.controller.ts,5ab13bafb97aad4beca3619bb4509508ba884e7809b005e00934a7c819b929bb
DELETE,/api/admin/agents/:id/policies/:policyId,AgentsController,removePolicy,SessionAuthGuard;StepUpGuard,false,false,true,apps/api/src/ai-agents/ai-agents.controller.ts,5ab13bafb97aad4beca3619bb4509508ba884e7809b005e00934a7c819b929bb
GET,/api/admin/agents/options,AgentsController,options,SessionAuthGuard,false,false,false,apps/api/src/ai-agents/ai-agents.controller.ts,5ab13bafb97aad4beca3619bb4509508ba884e7809b005e00934a7c819b929bb
GET,/api/admin/ai-models,AiModelsController,list,SessionAuthGuard,false,false,false,apps/api/src/ai-models/ai-models.controller.ts,de55baffc85473c29f775b56f1fc1ea686dc27c64b5a3cc8ca0327e5f6eeaeb0
POST,/api/admin/ai-models,AiModelsController,create,SessionAuthGuard;StepUpGuard,false,false,true,apps/api/src/ai-models/ai-models.controller.ts,de55baffc85473c29f775b56f1fc1ea686dc27c64b5a3cc8ca0327e5f6eeaeb0
DELETE,/api/admin/ai-models/:id,AiModelsController,remove,SessionAuthGuard;StepUpGuard,false,false,true,apps/api/src/ai-models/ai-models.controller.ts,de55baffc85473c29f775b56f1fc1ea686dc27c64b5a3cc8ca0327e5f6eeaeb0
GET,/api/admin/ai-models/:id,AiModelsController,get,SessionAuthGuard,false,false,false,apps/api/src/ai-models/ai-models.controller.ts,de55baffc85473c29f775b56f1fc1ea686dc27c64b5a3cc8ca0327e5f6eeaeb0
PUT,/api/admin/ai-models/:id,AiModelsController,update,SessionAuthGuard;StepUpGuard,false,false,true,apps/api/src/ai-models/ai-models.controller.ts,de55baffc85473c29f775b56f1fc1ea686dc27c64b5a3cc8ca0327e5f6eeaeb0
POST,/api/admin/ai-models/:id/test,AiModelsController,test,SessionAuthGuard;StepUpGuard,false,false,true,apps/api/src/ai-models/ai-models.controller.ts,de55baffc85473c29f775b56f1fc1ea686dc27c64b5a3cc8ca0327e5f6eeaeb0
GET,/api/admin/approval-requests,DualApprovalController,listApprovalRequests,SessionAuthGuard;StepUpGuard,false,false,false,apps/api/src/admin/dual-approval.controller.ts,c96eb6a59cec28a853d7964bc52b45463db0548798d103461f6cb1d811639158
POST,/api/admin/approval-requests,DualApprovalController,createApprovalRequest,SessionAuthGuard;StepUpGuard,false,false,true,apps/api/src/admin/dual-approval.controller.ts,c96eb6a59cec28a853d7964bc52b45463db0548798d103461f6cb1d811639158
POST,/api/admin/approval-requests/:id/approve,DualApprovalController,approveApprovalRequest,SessionAuthGuard;StepUpGuard,false,false,true,apps/api/src/admin/dual-approval.controller.ts,c96eb6a59cec28a853d7964bc52b45463db0548798d103461f6cb1d811639158
POST,/api/admin/approval-requests/:id/reject,DualApprovalController,rejectApprovalRequest,SessionAuthGuard;StepUpGuard,false,false,true,apps/api/src/admin/dual-approval.controller.ts,c96eb6a59cec28a853d7964bc52b45463db0548798d103461f6cb1d811639158
POST,/api/admin/branding/activate,AdminController,activateBrandConfig,SessionAuthGuard;StepUpGuard,false,false,true,apps/api/src/admin/admin.controller.ts,2b2a0e930b5fd1ba313ead433eb7ea1bf9c120f206e4b1ea094efa884fb4c21e
GET,/api/admin/branding/assets/:id/:digest,AdminBrandAssetController,read,SessionAuthGuard,false,false,false,apps/api/src/admin/brand-asset.controller.ts,2276a62acc61c1af28cf8a38b50117ad2a1ff900649c724def87878b5eed7bfc
GET,/api/admin/branding/config,AdminController,getActiveBrandConfig,SessionAuthGuard,false,false,false,apps/api/src/admin/admin.controller.ts,2b2a0e930b5fd1ba313ead433eb7ea1bf9c120f206e4b1ea094efa884fb4c21e
PUT,/api/admin/branding/config,AdminController,upsertBrandConfig,SessionAuthGuard;StepUpGuard,false,false,true,apps/api/src/admin/admin.controller.ts,2b2a0e930b5fd1ba313ead433eb7ea1bf9c120f206e4b1ea094efa884fb4c21e
GET,/api/admin/branding/configs,AdminController,listBrandConfigs,SessionAuthGuard,false,false,false,apps/api/src/admin/admin.controller.ts,2b2a0e930b5fd1ba313ead433eb7ea1bf9c120f206e4b1ea094efa884fb4c21e
GET,/api/admin/catalogue/products,CatalogueProductsController,list,SessionAuthGuard,false,false,false,apps/api/src/catalogue/catalogue-products.controller.ts,aff3e2d8e7de3153e859664e74e5dbe7cce4223b241859fd3d224673c7154718
POST,/api/admin/catalogue/products,CatalogueProductsController,create,SessionAuthGuard;StepUpGuard,false,false,true,apps/api/src/catalogue/catalogue-products.controller.ts,aff3e2d8e7de3153e859664e74e5dbe7cce4223b241859fd3d224673c7154718
DELETE,/api/admin/catalogue/products/:id,CatalogueProductsController,archive,SessionAuthGuard;StepUpGuard,false,false,true,apps/api/src/catalogue/catalogue-products.controller.ts,aff3e2d8e7de3153e859664e74e5dbe7cce4223b241859fd3d224673c7154718
GET,/api/admin/catalogue/products/:id,CatalogueProductsController,get,SessionAuthGuard,false,false,false,apps/api/src/catalogue/catalogue-products.controller.ts,aff3e2d8e7de3153e859664e74e5dbe7cce4223b241859fd3d224673c7154718
PUT,/api/admin/catalogue/products/:id,CatalogueProductsController,update,SessionAuthGuard;StepUpGuard,false,false,true,apps/api/src/catalogue/catalogue-products.controller.ts,aff3e2d8e7de3153e859664e74e5dbe7cce4223b241859fd3d224673c7154718
POST,/api/admin/catalogue/products/:id/prices,CatalogueProductsController,addPrice,SessionAuthGuard;StepUpGuard,false,false,true,apps/api/src/catalogue/catalogue-products.controller.ts,aff3e2d8e7de3153e859664e74e5dbe7cce4223b241859fd3d224673c7154718
GET,/api/admin/catalogue/products/:id/rule-references,CatalogueProductsController,ruleReferences,SessionAuthGuard,false,false,false,apps/api/src/catalogue/catalogue-products.controller.ts,aff3e2d8e7de3153e859664e74e5dbe7cce4223b241859fd3d224673c7154718
GET,/api/admin/config/assignment-rules,AdminController,getStaffAssignmentRules,SessionAuthGuard,false,false,false,apps/api/src/admin/admin.controller.ts,2b2a0e930b5fd1ba313ead433eb7ea1bf9c120f206e4b1ea094efa884fb4c21e
PUT,/api/admin/config/assignment-rules,AdminController,setStaffAssignmentRules,SessionAuthGuard;StepUpGuard,false,false,true,apps/api/src/admin/admin.controller.ts,2b2a0e930b5fd1ba313ead433eb7ea1bf9c120f206e4b1ea094efa884fb4c21e
GET,/api/admin/config/contract-electricity-limits,ContractElectricityLimitsController,get,SessionAuthGuard,false,false,false,apps/api/src/admin/contract-electricity-limits.controller.ts,b9624c604d80d57fcb0058d95ae66a51fb7499862311fcd6bce107b041e012ff
PUT,/api/admin/config/contract-electricity-limits,ContractElectricityLimitsController,update,SessionAuthGuard;StepUpGuard,false,false,true,apps/api/src/admin/contract-electricity-limits.controller.ts,b9624c604d80d57fcb0058d95ae66a51fb7499862311fcd6bce107b041e012ff
GET,/api/admin/config/delivery-window,AdminController,getDeliveryWindow,SessionAuthGuard,false,false,false,apps/api/src/admin/admin.controller.ts,2b2a0e930b5fd1ba313ead433eb7ea1bf9c120f206e4b1ea094efa884fb4c21e
PUT,/api/admin/config/delivery-window,AdminController,setDeliveryWindow,SessionAuthGuard,false,false,false,apps/api/src/admin/admin.controller.ts,2b2a0e930b5fd1ba313ead433eb7ea1bf9c120f206e4b1ea094efa884fb4c21e
GET,/api/admin/config/dual-approval-threshold,AdminController,getDualApprovalThreshold,SessionAuthGuard,false,false,false,apps/api/src/admin/admin.controller.ts,2b2a0e930b5fd1ba313ead433eb7ea1bf9c120f206e4b1ea094efa884fb4c21e
PUT,/api/admin/config/dual-approval-threshold,AdminController,setDualApprovalThreshold,SessionAuthGuard;StepUpGuard,false,false,true,apps/api/src/admin/admin.controller.ts,2b2a0e930b5fd1ba313ead433eb7ea1bf9c120f206e4b1ea094efa884fb4c21e
GET,/api/admin/config/escalation-policy,AdminController,getEscalationPolicy,SessionAuthGuard,false,false,false,apps/api/src/admin/admin.controller.ts,2b2a0e930b5fd1ba313ead433eb7ea1bf9c120f206e4b1ea094efa884fb4c21e
PUT,/api/admin/config/escalation-policy,AdminController,setEscalationPolicy,SessionAuthGuard;StepUpGuard,false,false,true,apps/api/src/admin/admin.controller.ts,2b2a0e930b5fd1ba313ead433eb7ea1bf9c120f206e4b1ea094efa884fb4c21e
GET,/api/admin/config/green-electricity-rules,AdminController,getGreenElectricityRules,SessionAuthGuard,false,false,false,apps/api/src/admin/admin.controller.ts,2b2a0e930b5fd1ba313ead433eb7ea1bf9c120f206e4b1ea094efa884fb4c21e
PUT,/api/admin/config/green-electricity-rules,AdminController,setGreenElectricityRules,SessionAuthGuard;StepUpGuard,false,false,true,apps/api/src/admin/admin.controller.ts,2b2a0e930b5fd1ba313ead433eb7ea1bf9c120f206e4b1ea094efa884fb4c21e
GET,/api/admin/config/green-electricity-rules/safety-status,AdminController,getGreenElectricitySafetyStatus,SessionAuthGuard,false,false,false,apps/api/src/admin/admin.controller.ts,2b2a0e930b5fd1ba313ead433eb7ea1bf9c120f206e4b1ea094efa884fb4c21e
GET,/api/admin/config/invoice-reminder-offsets,ReminderOffsetToggleController,list,SessionAuthGuard;StepUpGuard,false,false,false,apps/api/src/admin/reminder-offset-toggle.controller.ts,2cb0223c3aab6bf27d1b673577f5160918826ff26f0c54c6045123e7d3bd0eec
PUT,/api/admin/config/invoice-reminder-offsets,ReminderOffsetToggleController,set,SessionAuthGuard;StepUpGuard,false,false,true,apps/api/src/admin/reminder-offset-toggle.controller.ts,2cb0223c3aab6bf27d1b673577f5160918826ff26f0c54c6045123e7d3bd0eec
GET,/api/admin/config/otp,OtpConfigController,get,SessionAuthGuard,false,false,false,apps/api/src/auth/otp-config.controller.ts,fbeac35e1e2dbfeced4a708b8af1a327c6c66f77d1c6c664671896d8dccf259f
PUT,/api/admin/config/otp,OtpConfigController,update,SessionAuthGuard;StepUpGuard,false,false,true,apps/api/src/auth/otp-config.controller.ts,fbeac35e1e2dbfeced4a708b8af1a327c6c66f77d1c6c664671896d8dccf259f
GET,/api/admin/config/profile-verification-mode,AdminController,getProfileVerificationMode,SessionAuthGuard,false,false,false,apps/api/src/admin/admin.controller.ts,2b2a0e930b5fd1ba313ead433eb7ea1bf9c120f206e4b1ea094efa884fb4c21e
PUT,/api/admin/config/profile-verification-mode,AdminController,setProfileVerificationMode,SessionAuthGuard,false,false,false,apps/api/src/admin/admin.controller.ts,2b2a0e930b5fd1ba313ead433eb7ea1bf9c120f206e4b1ea094efa884fb4c21e
GET,/api/admin/config/service-response-targets,AdminController,getServiceResponseTargets,SessionAuthGuard,false,false,false,apps/api/src/admin/admin.controller.ts,2b2a0e930b5fd1ba313ead433eb7ea1bf9c120f206e4b1ea094efa884fb4c21e
PUT,/api/admin/config/service-response-targets,AdminController,setServiceResponseTargets,SessionAuthGuard;StepUpGuard,false,false,true,apps/api/src/admin/admin.controller.ts,2b2a0e930b5fd1ba313ead433eb7ea1bf9c120f206e4b1ea094efa884fb4c21e
GET,/api/admin/config/wallet-top-up-limit,AdminController,getWalletTopUpLimit,SessionAuthGuard,false,false,false,apps/api/src/admin/admin.controller.ts,2b2a0e930b5fd1ba313ead433eb7ea1bf9c120f206e4b1ea094efa884fb4c21e
PUT,/api/admin/config/wallet-top-up-limit,AdminController,setWalletTopUpLimit,SessionAuthGuard;StepUpGuard,false,false,true,apps/api/src/admin/admin.controller.ts,2b2a0e930b5fd1ba313ead433eb7ea1bf9c120f206e4b1ea094efa884fb4c21e
GET,/api/admin/contract-templates,ContractTemplateController,list,SessionAuthGuard,false,false,false,apps/api/src/admin/contract-template.controller.ts,3251ff74eadff5f11442c2fcb6e716888d5566750b56de4d6e6804a59e6d77d5
POST,/api/admin/contract-templates,ContractTemplateController,create,SessionAuthGuard;StepUpGuard,false,false,true,apps/api/src/admin/contract-template.controller.ts,3251ff74eadff5f11442c2fcb6e716888d5566750b56de4d6e6804a59e6d77d5
DELETE,/api/admin/contract-templates/:id,ContractTemplateController,delete,SessionAuthGuard;StepUpGuard,false,false,true,apps/api/src/admin/contract-template.controller.ts,3251ff74eadff5f11442c2fcb6e716888d5566750b56de4d6e6804a59e6d77d5
GET,/api/admin/contract-templates/:id,ContractTemplateController,get,SessionAuthGuard,false,false,false,apps/api/src/admin/contract-template.controller.ts,3251ff74eadff5f11442c2fcb6e716888d5566750b56de4d6e6804a59e6d77d5
PATCH,/api/admin/contract-templates/:id,ContractTemplateController,update,SessionAuthGuard;StepUpGuard,false,false,true,apps/api/src/admin/contract-template.controller.ts,3251ff74eadff5f11442c2fcb6e716888d5566750b56de4d6e6804a59e6d77d5
POST,/api/admin/contract-templates/:id/versions,ContractTemplateController,uploadVersion,SessionAuthGuard;StepUpGuard,false,false,true,apps/api/src/admin/contract-template.controller.ts,3251ff74eadff5f11442c2fcb6e716888d5566750b56de4d6e6804a59e6d77d5
GET,/api/admin/email-providers,EmailProviderConfigController,list,SessionAuthGuard,false,false,false,apps/api/src/provider-config/email-provider-config.controller.ts,130b6e2ffedacd5ecbc4ca84826e09761a35e4613e2c97c83d12fc347c6a65bc
POST,/api/admin/email-providers,EmailProviderConfigController,create,SessionAuthGuard;StepUpGuard,false,false,true,apps/api/src/provider-config/email-provider-config.controller.ts,130b6e2ffedacd5ecbc4ca84826e09761a35e4613e2c97c83d12fc347c6a65bc
PUT,/api/admin/email-providers/:id,EmailProviderConfigController,update,SessionAuthGuard;StepUpGuard,false,false,true,apps/api/src/provider-config/email-provider-config.controller.ts,130b6e2ffedacd5ecbc4ca84826e09761a35e4613e2c97c83d12fc347c6a65bc
POST,/api/admin/email-providers/:id/activate,EmailProviderConfigController,activate,SessionAuthGuard;StepUpGuard,false,false,true,apps/api/src/provider-config/email-provider-config.controller.ts,130b6e2ffedacd5ecbc4ca84826e09761a35e4613e2c97c83d12fc347c6a65bc
POST,/api/admin/email-providers/:id/disable,EmailProviderConfigController,disable,SessionAuthGuard;StepUpGuard,false,false,true,apps/api/src/provider-config/email-provider-config.controller.ts,130b6e2ffedacd5ecbc4ca84826e09761a35e4613e2c97c83d12fc347c6a65bc
POST,/api/admin/email-providers/:id/rollback,EmailProviderConfigController,rollback,SessionAuthGuard;StepUpGuard,false,false,true,apps/api/src/provider-config/email-provider-config.controller.ts,130b6e2ffedacd5ecbc4ca84826e09761a35e4613e2c97c83d12fc347c6a65bc
POST,/api/admin/email-providers/:id/test,EmailProviderConfigController,recordTest,SessionAuthGuard;StepUpGuard,false,false,true,apps/api/src/provider-config/email-provider-config.controller.ts,130b6e2ffedacd5ecbc4ca84826e09761a35e4613e2c97c83d12fc347c6a65bc
POST,/api/admin/email-providers/:id/test-connection,EmailProviderConfigController,testConnection,SessionAuthGuard;StepUpGuard,false,false,true,apps/api/src/provider-config/email-provider-config.controller.ts,130b6e2ffedacd5ecbc4ca84826e09761a35e4613e2c97c83d12fc347c6a65bc
GET,/api/admin/failed-jobs,FailedJobsController,listFailedJobs,SessionAuthGuard,false,false,false,apps/api/src/admin/failed-jobs.controller.ts,6a9cbf1e10f9c7f53b4ec8ba3b68915bb36b75e30e8829d5c8eae248375a6ba9
POST,/api/admin/failed-jobs/:id/resolve,FailedJobsController,resolveJob,SessionAuthGuard;StepUpGuard,false,false,true,apps/api/src/admin/failed-jobs.controller.ts,6a9cbf1e10f9c7f53b4ec8ba3b68915bb36b75e30e8829d5c8eae248375a6ba9
POST,/api/admin/failed-jobs/:id/retry,FailedJobsController,retryJob,SessionAuthGuard;StepUpGuard,false,false,true,apps/api/src/admin/failed-jobs.controller.ts,6a9cbf1e10f9c7f53b4ec8ba3b68915bb36b75e30e8829d5c8eae248375a6ba9
GET,/api/admin/failed-jobs/access,FailedJobsController,access,SessionAuthGuard,false,false,false,apps/api/src/admin/failed-jobs.controller.ts,6a9cbf1e10f9c7f53b4ec8ba3b68915bb36b75e30e8829d5c8eae248375a6ba9
POST,/api/admin/failed-jobs/retry-bulk,FailedJobsController,retryBulk,SessionAuthGuard;StepUpGuard,false,false,true,apps/api/src/admin/failed-jobs.controller.ts,6a9cbf1e10f9c7f53b4ec8ba3b68915bb36b75e30e8829d5c8eae248375a6ba9
GET,/api/admin/failed-notifications,FailedNotificationsController,list,SessionAuthGuard,false,false,false,apps/api/src/admin/failed-notifications.controller.ts,d1e1a8ae1e625aeeccab4138cca110021235fdcea9e541ff7b8a237e5e4fa7e5
POST,/api/admin/failed-notifications/:id/dismiss,FailedNotificationsController,dismiss,SessionAuthGuard;StepUpGuard,false,false,true,apps/api/src/admin/failed-notifications.controller.ts,d1e1a8ae1e625aeeccab4138cca110021235fdcea9e541ff7b8a237e5e4fa7e5
POST,/api/admin/failed-notifications/:id/resolve,FailedNotificationsController,resolve,SessionAuthGuard;StepUpGuard,false,false,true,apps/api/src/admin/failed-notifications.controller.ts,d1e1a8ae1e625aeeccab4138cca110021235fdcea9e541ff7b8a237e5e4fa7e5
POST,/api/admin/failed-notifications/:id/retry,FailedNotificationsController,retry,SessionAuthGuard;StepUpGuard,false,false,true,apps/api/src/admin/failed-notifications.controller.ts,d1e1a8ae1e625aeeccab4138cca110021235fdcea9e541ff7b8a237e5e4fa7e5
GET,/api/admin/failed-notifications/access,FailedNotificationsController,access,SessionAuthGuard,false,false,false,apps/api/src/admin/failed-notifications.controller.ts,d1e1a8ae1e625aeeccab4138cca110021235fdcea9e541ff7b8a237e5e4fa7e5
GET,/api/admin/finance/vat,VatConfigController,list,SessionAuthGuard,false,false,false,apps/api/src/admin/vat-config.controller.ts,77d159084ffd580bb9f09c53226c62059d06edcdfa5ed2b6e566672b52f13ba0
POST,/api/admin/finance/vat,VatConfigController,createRate,SessionAuthGuard;StepUpGuard,false,false,true,apps/api/src/admin/vat-config.controller.ts,77d159084ffd580bb9f09c53226c62059d06edcdfa5ed2b6e566672b52f13ba0
POST,/api/admin/finance/vat/:id/end,VatConfigController,endRate,SessionAuthGuard;StepUpGuard,false,false,true,apps/api/src/admin/vat-config.controller.ts,77d159084ffd580bb9f09c53226c62059d06edcdfa5ed2b6e566672b52f13ba0
GET,/api/admin/finance/vat/overrides,VatConfigController,listOverrides,SessionAuthGuard,false,false,false,apps/api/src/admin/vat-config.controller.ts,77d159084ffd580bb9f09c53226c62059d06edcdfa5ed2b6e566672b52f13ba0
POST,/api/admin/finance/vat/overrides,VatConfigController,createOverride,SessionAuthGuard;StepUpGuard,false,false,true,apps/api/src/admin/vat-config.controller.ts,77d159084ffd580bb9f09c53226c62059d06edcdfa5ed2b6e566672b52f13ba0
POST,/api/admin/finance/vat/overrides/:id/end,VatConfigController,endOverride,SessionAuthGuard;StepUpGuard,false,false,true,apps/api/src/admin/vat-config.controller.ts,77d159084ffd580bb9f09c53226c62059d06edcdfa5ed2b6e566672b52f13ba0
GET,/api/admin/finance/vat/products,VatConfigController,products,SessionAuthGuard,false,false,false,apps/api/src/admin/vat-config.controller.ts,77d159084ffd580bb9f09c53226c62059d06edcdfa5ed2b6e566672b52f13ba0
GET,/api/admin/finance/vat/resolve,VatConfigController,resolve,SessionAuthGuard,false,false,false,apps/api/src/admin/vat-config.controller.ts,77d159084ffd580bb9f09c53226c62059d06edcdfa5ed2b6e566672b52f13ba0
GET,/api/admin/geography/provinces,AdminGeographyController,listProvinces,SessionAuthGuard,false,false,false,apps/api/src/geography/admin-geography.controller.ts,c729fac3cab32d1e5083c6d0028be66b38b97736e31a0347d3103da8e3e3e614
POST,/api/admin/geography/provinces,AdminGeographyController,createProvince,SessionAuthGuard,false,false,false,apps/api/src/geography/admin-geography.controller.ts,c729fac3cab32d1e5083c6d0028be66b38b97736e31a0347d3103da8e3e3e614
DELETE,/api/admin/geography/provinces/:id,AdminGeographyController,deleteProvince,SessionAuthGuard,false,false,false,apps/api/src/geography/admin-geography.controller.ts,c729fac3cab32d1e5083c6d0028be66b38b97736e31a0347d3103da8e3e3e614
GET,/api/admin/geography/provinces/:id,AdminGeographyController,getProvince,SessionAuthGuard,false,false,false,apps/api/src/geography/admin-geography.controller.ts,c729fac3cab32d1e5083c6d0028be66b38b97736e31a0347d3103da8e3e3e614
PATCH,/api/admin/geography/provinces/:id,AdminGeographyController,updateProvince,SessionAuthGuard,false,false,false,apps/api/src/geography/admin-geography.controller.ts,c729fac3cab32d1e5083c6d0028be66b38b97736e31a0347d3103da8e3e3e614
GET,/api/admin/geography/provinces/:provinceId/cities,AdminGeographyController,listCities,SessionAuthGuard,false,false,false,apps/api/src/geography/admin-geography.controller.ts,c729fac3cab32d1e5083c6d0028be66b38b97736e31a0347d3103da8e3e3e614
POST,/api/admin/geography/provinces/:provinceId/cities,AdminGeographyController,createCity,SessionAuthGuard,false,false,false,apps/api/src/geography/admin-geography.controller.ts,c729fac3cab32d1e5083c6d0028be66b38b97736e31a0347d3103da8e3e3e614
DELETE,/api/admin/geography/provinces/:provinceId/cities/:id,AdminGeographyController,deleteCity,SessionAuthGuard,false,false,false,apps/api/src/geography/admin-geography.controller.ts,c729fac3cab32d1e5083c6d0028be66b38b97736e31a0347d3103da8e3e3e614
GET,/api/admin/geography/provinces/:provinceId/cities/:id,AdminGeographyController,getCity,SessionAuthGuard,false,false,false,apps/api/src/geography/admin-geography.controller.ts,c729fac3cab32d1e5083c6d0028be66b38b97736e31a0347d3103da8e3e3e614
PATCH,/api/admin/geography/provinces/:provinceId/cities/:id,AdminGeographyController,updateCity,SessionAuthGuard,false,false,false,apps/api/src/geography/admin-geography.controller.ts,c729fac3cab32d1e5083c6d0028be66b38b97736e31a0347d3103da8e3e3e614
GET,/api/admin/invoices/:invoiceId/due-at,DueAtOverrideController,get,SessionAuthGuard,false,false,false,apps/api/src/admin/due-at-override.controller.ts,812adcad6811c376816f31847ae50017dbdc20a27548bb5c2ba250d7e5db623c
POST,/api/admin/invoices/:invoiceId/due-at,DueAtOverrideController,override,SessionAuthGuard;StepUpGuard,false,false,true,apps/api/src/admin/due-at-override.controller.ts,812adcad6811c376816f31847ae50017dbdc20a27548bb5c2ba250d7e5db623c
GET,/api/admin/invoices/bank-receipts,InvoiceBankReceiptConfirmationController,list,SessionAuthGuard;StepUpGuard,false,false,false,apps/api/src/admin/invoice-bank-receipt-confirmation.controller.ts,93bd15a73c023478ee2c2220cd0d1fa2faf6d8f667f5329b0d968af5e6fa41cf
GET,/api/admin/invoices/bank-receipts/:receiptId,InvoiceBankReceiptConfirmationController,get,SessionAuthGuard;StepUpGuard,false,false,false,apps/api/src/admin/invoice-bank-receipt-confirmation.controller.ts,93bd15a73c023478ee2c2220cd0d1fa2faf6d8f667f5329b0d968af5e6fa41cf
GET,/api/admin/invoices/bank-receipts/:receiptId/allocation,InvoiceBankReceiptConfirmationController,allocation,SessionAuthGuard;StepUpGuard,false,false,false,apps/api/src/admin/invoice-bank-receipt-confirmation.controller.ts,93bd15a73c023478ee2c2220cd0d1fa2faf6d8f667f5329b0d968af5e6fa41cf
POST,/api/admin/invoices/bank-receipts/:receiptId/confirm,InvoiceBankReceiptConfirmationController,confirm,SessionAuthGuard;StepUpGuard,false,false,true,apps/api/src/admin/invoice-bank-receipt-confirmation.controller.ts,93bd15a73c023478ee2c2220cd0d1fa2faf6d8f667f5329b0d968af5e6fa41cf
POST,/api/admin/invoices/bank-receipts/:receiptId/reject,InvoiceBankReceiptConfirmationController,reject,SessionAuthGuard;StepUpGuard,false,false,true,apps/api/src/admin/invoice-bank-receipt-confirmation.controller.ts,93bd15a73c023478ee2c2220cd0d1fa2faf6d8f667f5329b0d968af5e6fa41cf
GET,/api/admin/kb-groups,KbGroupsController,list,SessionAuthGuard,false,false,false,apps/api/src/knowledge-bases/knowledge-bases.controller.ts,0955677b516bfa60e52fc053318401eee12d01cb2414f94b9a5f644477166c08
POST,/api/admin/kb-groups,KbGroupsController,create,SessionAuthGuard;StepUpGuard,false,false,true,apps/api/src/knowledge-bases/knowledge-bases.controller.ts,0955677b516bfa60e52fc053318401eee12d01cb2414f94b9a5f644477166c08
DELETE,/api/admin/kb-groups/:id,KbGroupsController,remove,SessionAuthGuard;StepUpGuard,false,false,true,apps/api/src/knowledge-bases/knowledge-bases.controller.ts,0955677b516bfa60e52fc053318401eee12d01cb2414f94b9a5f644477166c08
GET,/api/admin/kb-groups/:id,KbGroupsController,get,SessionAuthGuard,false,false,false,apps/api/src/knowledge-bases/knowledge-bases.controller.ts,0955677b516bfa60e52fc053318401eee12d01cb2414f94b9a5f644477166c08
PUT,/api/admin/kb-groups/:id,KbGroupsController,update,SessionAuthGuard;StepUpGuard,false,false,true,apps/api/src/knowledge-bases/knowledge-bases.controller.ts,0955677b516bfa60e52fc053318401eee12d01cb2414f94b9a5f644477166c08
POST,/api/admin/kb-groups/:id/members,KbGroupsController,addMember,SessionAuthGuard;StepUpGuard,false,false,true,apps/api/src/knowledge-bases/knowledge-bases.controller.ts,0955677b516bfa60e52fc053318401eee12d01cb2414f94b9a5f644477166c08
DELETE,/api/admin/kb-groups/:id/members/:kbId,KbGroupsController,removeMember,SessionAuthGuard;StepUpGuard,false,false,true,apps/api/src/knowledge-bases/knowledge-bases.controller.ts,0955677b516bfa60e52fc053318401eee12d01cb2414f94b9a5f644477166c08
GET,/api/admin/knowledge-bases,KnowledgeBasesController,list,SessionAuthGuard,false,false,false,apps/api/src/knowledge-bases/knowledge-bases.controller.ts,0955677b516bfa60e52fc053318401eee12d01cb2414f94b9a5f644477166c08
POST,/api/admin/knowledge-bases,KnowledgeBasesController,create,SessionAuthGuard;StepUpGuard,false,false,true,apps/api/src/knowledge-bases/knowledge-bases.controller.ts,0955677b516bfa60e52fc053318401eee12d01cb2414f94b9a5f644477166c08
DELETE,/api/admin/knowledge-bases/:id,KnowledgeBasesController,remove,SessionAuthGuard;StepUpGuard,false,false,true,apps/api/src/knowledge-bases/knowledge-bases.controller.ts,0955677b516bfa60e52fc053318401eee12d01cb2414f94b9a5f644477166c08
GET,/api/admin/knowledge-bases/:id,KnowledgeBasesController,get,SessionAuthGuard,false,false,false,apps/api/src/knowledge-bases/knowledge-bases.controller.ts,0955677b516bfa60e52fc053318401eee12d01cb2414f94b9a5f644477166c08
PUT,/api/admin/knowledge-bases/:id,KnowledgeBasesController,update,SessionAuthGuard;StepUpGuard,false,false,true,apps/api/src/knowledge-bases/knowledge-bases.controller.ts,0955677b516bfa60e52fc053318401eee12d01cb2414f94b9a5f644477166c08
POST,/api/admin/knowledge-bases/:id/documents,KnowledgeBasesController,attachDocument,SessionAuthGuard;StepUpGuard,false,false,true,apps/api/src/knowledge-bases/knowledge-bases.controller.ts,0955677b516bfa60e52fc053318401eee12d01cb2414f94b9a5f644477166c08
DELETE,/api/admin/knowledge-bases/:id/documents/:documentId,KnowledgeBasesController,detachDocument,SessionAuthGuard;StepUpGuard,false,false,true,apps/api/src/knowledge-bases/knowledge-bases.controller.ts,0955677b516bfa60e52fc053318401eee12d01cb2414f94b9a5f644477166c08
GET,/api/admin/knowledge-bases/documents/available,KnowledgeBasesController,availableDocuments,SessionAuthGuard,false,false,false,apps/api/src/knowledge-bases/knowledge-bases.controller.ts,0955677b516bfa60e52fc053318401eee12d01cb2414f94b9a5f644477166c08
GET,/api/admin/notifications/dead-letters,FailedNotificationsController,list,SessionAuthGuard,false,false,false,apps/api/src/admin/failed-notifications.controller.ts,d1e1a8ae1e625aeeccab4138cca110021235fdcea9e541ff7b8a237e5e4fa7e5
POST,/api/admin/notifications/dead-letters/:id/dismiss,FailedNotificationsController,dismiss,SessionAuthGuard;StepUpGuard,false,false,true,apps/api/src/admin/failed-notifications.controller.ts,d1e1a8ae1e625aeeccab4138cca110021235fdcea9e541ff7b8a237e5e4fa7e5
POST,/api/admin/notifications/dead-letters/:id/resolve,FailedNotificationsController,resolve,SessionAuthGuard;StepUpGuard,false,false,true,apps/api/src/admin/failed-notifications.controller.ts,d1e1a8ae1e625aeeccab4138cca110021235fdcea9e541ff7b8a237e5e4fa7e5
POST,/api/admin/notifications/dead-letters/:id/retry,FailedNotificationsController,retry,SessionAuthGuard;StepUpGuard,false,false,true,apps/api/src/admin/failed-notifications.controller.ts,d1e1a8ae1e625aeeccab4138cca110021235fdcea9e541ff7b8a237e5e4fa7e5
GET,/api/admin/notifications/dead-letters/access,FailedNotificationsController,access,SessionAuthGuard,false,false,false,apps/api/src/admin/failed-notifications.controller.ts,d1e1a8ae1e625aeeccab4138cca110021235fdcea9e541ff7b8a237e5e4fa7e5
GET,/api/admin/notifications/delivery-logs,AdminController,listDeliveryLogs,SessionAuthGuard,false,false,false,apps/api/src/admin/admin.controller.ts,2b2a0e930b5fd1ba313ead433eb7ea1bf9c120f206e4b1ea094efa884fb4c21e
GET,/api/admin/notifications/templates,AdminController,listNotificationTemplates,SessionAuthGuard,false,false,false,apps/api/src/admin/admin.controller.ts,2b2a0e930b5fd1ba313ead433eb7ea1bf9c120f206e4b1ea094efa884fb4c21e
POST,/api/admin/notifications/templates,AdminController,createNotificationTemplate,SessionAuthGuard;StepUpGuard,false,false,true,apps/api/src/admin/admin.controller.ts,2b2a0e930b5fd1ba313ead433eb7ea1bf9c120f206e4b1ea094efa884fb4c21e
DELETE,/api/admin/notifications/templates/:id,AdminController,deleteNotificationTemplate,SessionAuthGuard;StepUpGuard,false,false,true,apps/api/src/admin/admin.controller.ts,2b2a0e930b5fd1ba313ead433eb7ea1bf9c120f206e4b1ea094efa884fb4c21e
GET,/api/admin/notifications/templates/:id,AdminController,getNotificationTemplate,SessionAuthGuard,false,false,false,apps/api/src/admin/admin.controller.ts,2b2a0e930b5fd1ba313ead433eb7ea1bf9c120f206e4b1ea094efa884fb4c21e
PUT,/api/admin/notifications/templates/:id,AdminController,updateNotificationTemplate,SessionAuthGuard;StepUpGuard,false,false,true,apps/api/src/admin/admin.controller.ts,2b2a0e930b5fd1ba313ead433eb7ea1bf9c120f206e4b1ea094efa884fb4c21e
POST,/api/admin/notifications/templates/:id/publish,AdminController,publishNotificationTemplate,SessionAuthGuard;StepUpGuard,false,false,true,apps/api/src/admin/admin.controller.ts,2b2a0e930b5fd1ba313ead433eb7ea1bf9c120f206e4b1ea094efa884fb4c21e
POST,/api/admin/notifications/templates/:id/test-send,AdminController,testSendNotificationTemplate,SessionAuthGuard;StepUpGuard,false,false,true,apps/api/src/admin/admin.controller.ts,2b2a0e930b5fd1ba313ead433eb7ea1bf9c120f206e4b1ea094efa884fb4c21e
POST,/api/admin/notifications/templates/:id/unpublish,AdminController,unpublishNotificationTemplate,SessionAuthGuard;StepUpGuard,false,false,true,apps/api/src/admin/admin.controller.ts,2b2a0e930b5fd1ba313ead433eb7ea1bf9c120f206e4b1ea094efa884fb4c21e
POST,/api/admin/notifications/templates/preview,AdminController,previewNotificationTemplateBody,SessionAuthGuard;StepUpGuard,false,false,true,apps/api/src/admin/admin.controller.ts,2b2a0e930b5fd1ba313ead433eb7ea1bf9c120f206e4b1ea094efa884fb4c21e
GET,/api/admin/policies,PoliciesController,list,SessionAuthGuard,false,false,false,apps/api/src/ai-policies/ai-policies.controller.ts,7bd42ccb137cd6449d303fd7b0a4fc86af8e3783dfe169651b00ccbfecb2fbf5
POST,/api/admin/policies,PoliciesController,create,SessionAuthGuard;StepUpGuard,false,false,true,apps/api/src/ai-policies/ai-policies.controller.ts,7bd42ccb137cd6449d303fd7b0a4fc86af8e3783dfe169651b00ccbfecb2fbf5
DELETE,/api/admin/policies/:id,PoliciesController,remove,SessionAuthGuard;StepUpGuard,false,false,true,apps/api/src/ai-policies/ai-policies.controller.ts,7bd42ccb137cd6449d303fd7b0a4fc86af8e3783dfe169651b00ccbfecb2fbf5
GET,/api/admin/policies/:id,PoliciesController,get,SessionAuthGuard,false,false,false,apps/api/src/ai-policies/ai-policies.controller.ts,7bd42ccb137cd6449d303fd7b0a4fc86af8e3783dfe169651b00ccbfecb2fbf5
PUT,/api/admin/policies/:id,PoliciesController,update,SessionAuthGuard;StepUpGuard,false,false,true,apps/api/src/ai-policies/ai-policies.controller.ts,7bd42ccb137cd6449d303fd7b0a4fc86af8e3783dfe169651b00ccbfecb2fbf5
GET,/api/admin/policy-groups,PolicyGroupsController,list,SessionAuthGuard,false,false,false,apps/api/src/ai-policies/ai-policies.controller.ts,7bd42ccb137cd6449d303fd7b0a4fc86af8e3783dfe169651b00ccbfecb2fbf5
POST,/api/admin/policy-groups,PolicyGroupsController,create,SessionAuthGuard;StepUpGuard,false,false,true,apps/api/src/ai-policies/ai-policies.controller.ts,7bd42ccb137cd6449d303fd7b0a4fc86af8e3783dfe169651b00ccbfecb2fbf5
DELETE,/api/admin/policy-groups/:id,PolicyGroupsController,remove,SessionAuthGuard;StepUpGuard,false,false,true,apps/api/src/ai-policies/ai-policies.controller.ts,7bd42ccb137cd6449d303fd7b0a4fc86af8e3783dfe169651b00ccbfecb2fbf5
GET,/api/admin/policy-groups/:id,PolicyGroupsController,get,SessionAuthGuard,false,false,false,apps/api/src/ai-policies/ai-policies.controller.ts,7bd42ccb137cd6449d303fd7b0a4fc86af8e3783dfe169651b00ccbfecb2fbf5
PUT,/api/admin/policy-groups/:id,PolicyGroupsController,update,SessionAuthGuard;StepUpGuard,false,false,true,apps/api/src/ai-policies/ai-policies.controller.ts,7bd42ccb137cd6449d303fd7b0a4fc86af8e3783dfe169651b00ccbfecb2fbf5
POST,/api/admin/policy-groups/:id/members,PolicyGroupsController,addMember,SessionAuthGuard;StepUpGuard,false,false,true,apps/api/src/ai-policies/ai-policies.controller.ts,7bd42ccb137cd6449d303fd7b0a4fc86af8e3783dfe169651b00ccbfecb2fbf5
DELETE,/api/admin/policy-groups/:id/members/:policyId,PolicyGroupsController,removeMember,SessionAuthGuard;StepUpGuard,false,false,true,apps/api/src/ai-policies/ai-policies.controller.ts,7bd42ccb137cd6449d303fd7b0a4fc86af8e3783dfe169651b00ccbfecb2fbf5
GET,/api/admin/promotions/gift-codes,GiftCodeController,list,SessionAuthGuard,false,false,false,apps/api/src/admin/gift-code.controller.ts,e5755a15c42a9d953806cadf02ba2be1c8bd203a61af647d936f4e784f692085
POST,/api/admin/promotions/gift-codes,GiftCodeController,create,SessionAuthGuard;StepUpGuard,false,false,true,apps/api/src/admin/gift-code.controller.ts,e5755a15c42a9d953806cadf02ba2be1c8bd203a61af647d936f4e784f692085
PATCH,/api/admin/promotions/gift-codes/:id,GiftCodeController,update,SessionAuthGuard;StepUpGuard,false,false,true,apps/api/src/admin/gift-code.controller.ts,e5755a15c42a9d953806cadf02ba2be1c8bd203a61af647d936f4e784f692085
GET,/api/admin/promotions/gift-codes/:id/stats,GiftCodeController,stats,SessionAuthGuard,false,false,false,apps/api/src/admin/gift-code.controller.ts,e5755a15c42a9d953806cadf02ba2be1c8bd203a61af647d936f4e784f692085
POST,/api/admin/promotions/gift-codes/:id/toggle,GiftCodeController,setStatus,SessionAuthGuard;StepUpGuard,false,false,true,apps/api/src/admin/gift-code.controller.ts,e5755a15c42a9d953806cadf02ba2be1c8bd203a61af647d936f4e784f692085
GET,/api/admin/promotions/gift-codes/profiles,GiftCodeController,profileOptions,SessionAuthGuard,false,false,false,apps/api/src/admin/gift-code.controller.ts,e5755a15c42a9d953806cadf02ba2be1c8bd203a61af647d936f4e784f692085
GET,/api/admin/reconciliation/items,ReconciliationExceptionsController,listReconciliationItems,SessionAuthGuard,false,false,false,apps/api/src/admin/reconciliation-exceptions.controller.ts,533456bead461394e71b718931211dd6ea8c3f8aa732e6cfa22065a738a65b7c
POST,/api/admin/reconciliation/items/:id/close,ReconciliationExceptionsController,closeItem,SessionAuthGuard,false,false,false,apps/api/src/admin/reconciliation-exceptions.controller.ts,533456bead461394e71b718931211dd6ea8c3f8aa732e6cfa22065a738a65b7c
POST,/api/admin/reconciliation/items/:id/investigate,ReconciliationExceptionsController,investigateItem,SessionAuthGuard,false,false,false,apps/api/src/admin/reconciliation-exceptions.controller.ts,533456bead461394e71b718931211dd6ea8c3f8aa732e6cfa22065a738a65b7c
POST,/api/admin/reconciliation/items/:id/resolve,ReconciliationExceptionsController,resolveItem,SessionAuthGuard,false,false,false,apps/api/src/admin/reconciliation-exceptions.controller.ts,533456bead461394e71b718931211dd6ea8c3f8aa732e6cfa22065a738a65b7c
GET,/api/admin/reconciliation/items/access,ReconciliationExceptionsController,access,SessionAuthGuard,false,false,false,apps/api/src/admin/reconciliation-exceptions.controller.ts,533456bead461394e71b718931211dd6ea8c3f8aa732e6cfa22065a738a65b7c
GET,/api/admin/roles,AdminController,listRoles,SessionAuthGuard,false,false,false,apps/api/src/admin/admin.controller.ts,2b2a0e930b5fd1ba313ead433eb7ea1bf9c120f206e4b1ea094efa884fb4c21e
GET,/api/admin/sms-providers,SmsProviderConfigController,list,SessionAuthGuard,false,false,false,apps/api/src/provider-config/sms-provider-config.controller.ts,15216fbb75392f99e993353b32a1e99425288d38480744c7f00a1eda4e25c8a4
POST,/api/admin/sms-providers,SmsProviderConfigController,create,SessionAuthGuard;StepUpGuard,false,false,true,apps/api/src/provider-config/sms-provider-config.controller.ts,15216fbb75392f99e993353b32a1e99425288d38480744c7f00a1eda4e25c8a4
PUT,/api/admin/sms-providers/:id,SmsProviderConfigController,update,SessionAuthGuard;StepUpGuard,false,false,true,apps/api/src/provider-config/sms-provider-config.controller.ts,15216fbb75392f99e993353b32a1e99425288d38480744c7f00a1eda4e25c8a4
POST,/api/admin/sms-providers/:id/activate,SmsProviderConfigController,activate,SessionAuthGuard;StepUpGuard,false,false,true,apps/api/src/provider-config/sms-provider-config.controller.ts,15216fbb75392f99e993353b32a1e99425288d38480744c7f00a1eda4e25c8a4
POST,/api/admin/sms-providers/:id/disable,SmsProviderConfigController,disable,SessionAuthGuard;StepUpGuard,false,false,true,apps/api/src/provider-config/sms-provider-config.controller.ts,15216fbb75392f99e993353b32a1e99425288d38480744c7f00a1eda4e25c8a4
POST,/api/admin/sms-providers/:id/rollback,SmsProviderConfigController,rollback,SessionAuthGuard;StepUpGuard,false,false,true,apps/api/src/provider-config/sms-provider-config.controller.ts,15216fbb75392f99e993353b32a1e99425288d38480744c7f00a1eda4e25c8a4
POST,/api/admin/sms-providers/:id/test,SmsProviderConfigController,recordTest,SessionAuthGuard;StepUpGuard,false,false,true,apps/api/src/provider-config/sms-provider-config.controller.ts,15216fbb75392f99e993353b32a1e99425288d38480744c7f00a1eda4e25c8a4
POST,/api/admin/sms-providers/:id/test-connection,SmsProviderConfigController,testConnection,SessionAuthGuard;StepUpGuard,false,false,true,apps/api/src/provider-config/sms-provider-config.controller.ts,15216fbb75392f99e993353b32a1e99425288d38480744c7f00a1eda4e25c8a4
GET,/api/admin/sms-providers/template-event-keys,SmsProviderConfigController,templateEventKeys,SessionAuthGuard,false,false,false,apps/api/src/provider-config/sms-provider-config.controller.ts,15216fbb75392f99e993353b32a1e99425288d38480744c7f00a1eda4e25c8a4
GET,/api/admin/staff,AdminController,listStaff,SessionAuthGuard,false,false,false,apps/api/src/admin/admin.controller.ts,2b2a0e930b5fd1ba313ead433eb7ea1bf9c120f206e4b1ea094efa884fb4c21e
GET,/api/admin/staff-access,AdminController,staffAccess,SessionAuthGuard,false,false,false,apps/api/src/admin/admin.controller.ts,2b2a0e930b5fd1ba313ead433eb7ea1bf9c120f206e4b1ea094efa884fb4c21e
GET,/api/admin/staff-role-options,AdminController,staffRoleOptions,SessionAuthGuard,false,false,false,apps/api/src/admin/admin.controller.ts,2b2a0e930b5fd1ba313ead433eb7ea1bf9c120f206e4b1ea094efa884fb4c21e
GET,/api/admin/staff-teams,AdminController,listStaffTeams,SessionAuthGuard,false,false,false,apps/api/src/admin/admin.controller.ts,2b2a0e930b5fd1ba313ead433eb7ea1bf9c120f206e4b1ea094efa884fb4c21e
POST,/api/admin/staff-teams,AdminController,createStaffTeam,SessionAuthGuard;StepUpGuard,false,false,true,apps/api/src/admin/admin.controller.ts,2b2a0e930b5fd1ba313ead433eb7ea1bf9c120f206e4b1ea094efa884fb4c21e
DELETE,/api/admin/staff-teams/:id,AdminController,deleteStaffTeam,SessionAuthGuard;StepUpGuard,false,false,true,apps/api/src/admin/admin.controller.ts,2b2a0e930b5fd1ba313ead433eb7ea1bf9c120f206e4b1ea094efa884fb4c21e
PUT,/api/admin/staff-teams/:id,AdminController,updateStaffTeam,SessionAuthGuard;StepUpGuard,false,false,true,apps/api/src/admin/admin.controller.ts,2b2a0e930b5fd1ba313ead433eb7ea1bf9c120f206e4b1ea094efa884fb4c21e
GET,/api/admin/staff-teams/members,AdminController,staffTeamCandidates,SessionAuthGuard,false,false,false,apps/api/src/admin/admin.controller.ts,2b2a0e930b5fd1ba313ead433eb7ea1bf9c120f206e4b1ea094efa884fb4c21e
POST,/api/admin/staff/:userId/disable,AdminController,disableStaff,SessionAuthGuard;StepUpGuard,false,false,true,apps/api/src/admin/admin.controller.ts,2b2a0e930b5fd1ba313ead433eb7ea1bf9c120f206e4b1ea094efa884fb4c21e
GET,/api/admin/staff/audit,AdminController,listStaffAudit,SessionAuthGuard,false,false,false,apps/api/src/admin/admin.controller.ts,2b2a0e930b5fd1ba313ead433eb7ea1bf9c120f206e4b1ea094efa884fb4c21e
GET,/api/admin/storage/config,StorageAdminController,getConfig,SessionAuthGuard;StorageAdminGuard,false,false,false,apps/api/src/storage/storage-admin.controller.ts,ff80a77ec216372ea565b6e47c80d8187cec1119e75fad4c6d2aed398344ec58
PUT,/api/admin/storage/config,StorageAdminController,updateConfig,SessionAuthGuard;StorageAdminGuard;StepUpGuard,false,false,true,apps/api/src/storage/storage-admin.controller.ts,ff80a77ec216372ea565b6e47c80d8187cec1119e75fad4c6d2aed398344ec58
DELETE,/api/admin/storage/records/:key,StorageRecordsController,deleteRecord,SessionAuthGuard;StorageAdminGuard;StepUpGuard,false,false,true,apps/api/src/storage/storage-records.controller.ts,78b07dc7e5ea328bb72de32bb72ffaf2a9bb490477839f6690b836ddcb10f17b
GET,/api/admin/storage/records/:key,StorageRecordsController,getRecord,SessionAuthGuard;StorageAdminGuard,false,false,false,apps/api/src/storage/storage-records.controller.ts,78b07dc7e5ea328bb72de32bb72ffaf2a9bb490477839f6690b836ddcb10f17b
POST,/api/admin/storage/records/:key/sign,StorageRecordsController,signRecord,SessionAuthGuard;StorageAdminGuard;StepUpGuard,false,false,true,apps/api/src/storage/storage-records.controller.ts,78b07dc7e5ea328bb72de32bb72ffaf2a9bb490477839f6690b836ddcb10f17b
POST,/api/admin/storage/test-connection,StorageAdminController,testConnection,SessionAuthGuard;StorageAdminGuard;StepUpGuard,false,false,true,apps/api/src/storage/storage-admin.controller.ts,ff80a77ec216372ea565b6e47c80d8187cec1119e75fad4c6d2aed398344ec58
GET,/api/admin/tos/versions,AdminController,listTosVersions,SessionAuthGuard,false,false,false,apps/api/src/admin/admin.controller.ts,2b2a0e930b5fd1ba313ead433eb7ea1bf9c120f206e4b1ea094efa884fb4c21e
POST,/api/admin/tos/versions,AdminController,createTosVersion,SessionAuthGuard,false,false,false,apps/api/src/admin/admin.controller.ts,2b2a0e930b5fd1ba313ead433eb7ea1bf9c120f206e4b1ea094efa884fb4c21e
DELETE,/api/admin/tos/versions/:id,AdminController,deleteTosVersion,SessionAuthGuard,false,false,false,apps/api/src/admin/admin.controller.ts,2b2a0e930b5fd1ba313ead433eb7ea1bf9c120f206e4b1ea094efa884fb4c21e
GET,/api/admin/tos/versions/:id,AdminController,getTosVersion,SessionAuthGuard,false,false,false,apps/api/src/admin/admin.controller.ts,2b2a0e930b5fd1ba313ead433eb7ea1bf9c120f206e4b1ea094efa884fb4c21e
PUT,/api/admin/tos/versions/:id,AdminController,updateTosVersion,SessionAuthGuard,false,false,false,apps/api/src/admin/admin.controller.ts,2b2a0e930b5fd1ba313ead433eb7ea1bf9c120f206e4b1ea094efa884fb4c21e
POST,/api/admin/tos/versions/:id/publish,AdminController,publishTosVersion,SessionAuthGuard,false,false,false,apps/api/src/admin/admin.controller.ts,2b2a0e930b5fd1ba313ead433eb7ea1bf9c120f206e4b1ea094efa884fb4c21e
GET,/api/admin/upload-policies,UploadPolicyController,list,SessionAuthGuard,false,false,false,apps/api/src/admin/upload-policy.controller.ts,998901b454568869ea063eed0aae52874265cb91a0a46620cf5ac28ad15aebbb
POST,/api/admin/upload-policies,UploadPolicyController,create,SessionAuthGuard;StepUpGuard,false,false,true,apps/api/src/admin/upload-policy.controller.ts,998901b454568869ea063eed0aae52874265cb91a0a46620cf5ac28ad15aebbb
POST,/api/admin/upload-policies/:id/end,UploadPolicyController,end,SessionAuthGuard;StepUpGuard,false,false,true,apps/api/src/admin/upload-policy.controller.ts,998901b454568869ea063eed0aae52874265cb91a0a46620cf5ac28ad15aebbb
GET,/api/admin/upload-policies/access,UploadPolicyController,access,SessionAuthGuard,false,false,false,apps/api/src/admin/upload-policy.controller.ts,998901b454568869ea063eed0aae52874265cb91a0a46620cf5ac28ad15aebbb
GET,/api/admin/upload-policies/limits,UploadPolicyController,limits,SessionAuthGuard,false,false,false,apps/api/src/admin/upload-policy.controller.ts,998901b454568869ea063eed0aae52874265cb91a0a46620cf5ac28ad15aebbb
GET,/api/admin/users/:userId/effective-permissions,AdminController,getEffectivePermissions,SessionAuthGuard,false,false,false,apps/api/src/admin/admin.controller.ts,2b2a0e930b5fd1ba313ead433eb7ea1bf9c120f206e4b1ea094efa884fb4c21e
POST,/api/admin/users/:userId/resend-activation,AdminController,resendStaffActivation,SessionAuthGuard;StepUpGuard,false,false,true,apps/api/src/admin/admin.controller.ts,2b2a0e930b5fd1ba313ead433eb7ea1bf9c120f206e4b1ea094efa884fb4c21e
PUT,/api/admin/users/:userId/roles,AdminController,updateStaffRoles,SessionAuthGuard;StepUpGuard,false,false,true,apps/api/src/admin/admin.controller.ts,2b2a0e930b5fd1ba313ead433eb7ea1bf9c120f206e4b1ea094efa884fb4c21e
POST,/api/admin/users/create-staff,AdminController,createStaffUser,SessionAuthGuard;StepUpGuard,false,false,true,apps/api/src/admin/admin.controller.ts,2b2a0e930b5fd1ba313ead433eb7ea1bf9c120f206e4b1ea094efa884fb4c21e
GET,/api/admin/verification/providers,VerificationProviderController,listProviders,SessionAuthGuard,false,false,false,apps/api/src/verification/verification-provider.controller.ts,4c5c8805e9f501da37f5e0785110b921574df68a5c10e683f7f705b68ef0a3e7
GET,/api/admin/verification/providers/:providerId/config,VerificationProviderController,getProviderConfig,SessionAuthGuard,false,false,false,apps/api/src/verification/verification-provider.controller.ts,4c5c8805e9f501da37f5e0785110b921574df68a5c10e683f7f705b68ef0a3e7
PUT,/api/admin/verification/providers/:providerId/config,VerificationProviderController,setProviderConfig,SessionAuthGuard,false,false,false,apps/api/src/verification/verification-provider.controller.ts,4c5c8805e9f501da37f5e0785110b921574df68a5c10e683f7f705b68ef0a3e7
POST,/api/admin/verification/providers/:providerId/reset-circuit-breaker,VerificationProviderController,resetCircuitBreaker,SessionAuthGuard,false,false,false,apps/api/src/verification/verification-provider.controller.ts,4c5c8805e9f501da37f5e0785110b921574df68a5c10e683f7f705b68ef0a3e7
POST,/api/admin/verification/verify,VerificationProviderController,runVerification,SessionAuthGuard,false,false,false,apps/api/src/verification/verification-provider.controller.ts,4c5c8805e9f501da37f5e0785110b921574df68a5c10e683f7f705b68ef0a3e7
GET,/api/admin/wallet/bank-receipt-top-ups,BankReceiptConfirmationController,list,SessionAuthGuard;StepUpGuard,false,false,false,apps/api/src/admin/bank-receipt-confirmation.controller.ts,721aecdd174d30aa5be061f14332f1531ff7a2212da696e29f6c1acbf3e0b9d4
GET,/api/admin/wallet/bank-receipt-top-ups/:transactionId,BankReceiptConfirmationController,get,SessionAuthGuard;StepUpGuard,false,false,false,apps/api/src/admin/bank-receipt-confirmation.controller.ts,721aecdd174d30aa5be061f14332f1531ff7a2212da696e29f6c1acbf3e0b9d4
GET,/api/admin/wallet/bank-receipt-top-ups/:transactionId/allocation,BankReceiptConfirmationController,allocation,SessionAuthGuard;StepUpGuard,false,false,false,apps/api/src/admin/bank-receipt-confirmation.controller.ts,721aecdd174d30aa5be061f14332f1531ff7a2212da696e29f6c1acbf3e0b9d4
POST,/api/admin/wallet/bank-receipt-top-ups/:transactionId/confirm,BankReceiptConfirmationController,confirm,SessionAuthGuard;StepUpGuard,false,false,true,apps/api/src/admin/bank-receipt-confirmation.controller.ts,721aecdd174d30aa5be061f14332f1531ff7a2212da696e29f6c1acbf3e0b9d4
POST,/api/admin/wallet/bank-receipt-top-ups/:transactionId/reject,BankReceiptConfirmationController,reject,SessionAuthGuard;StepUpGuard,false,false,true,apps/api/src/admin/bank-receipt-confirmation.controller.ts,721aecdd174d30aa5be061f14332f1531ff7a2212da696e29f6c1acbf3e0b9d4
GET,/api/admin/wallet/chargebacks/unresolved-warning,ChargebackAlertController,unresolvedWarning,SessionAuthGuard,false,false,false,apps/api/src/admin/chargeback-alert.controller.ts,085c655f53422e9a217da8c1b0986430d357e901aa4ed3c849f73e3dd9a50e97
POST,/api/auth/activate-staff,AuthController,activateStaff,,false,true,false,apps/api/src/auth/auth.controller.ts,0b14ae1da4cf5a684138f59e5d651e8f918f714e9fe8f210406ea42eb5a986bd
POST,/api/auth/add-contact,AuthController,addContact,SessionAuthGuard,false,false,false,apps/api/src/auth/auth.controller.ts,0b14ae1da4cf5a684138f59e5d651e8f918f714e9fe8f210406ea42eb5a986bd
POST,/api/auth/add-contact/send-otp,AuthController,sendAddContactOtp,SessionAuthGuard,false,false,false,apps/api/src/auth/auth.controller.ts,0b14ae1da4cf5a684138f59e5d651e8f918f714e9fe8f210406ea42eb5a986bd
POST,/api/auth/change-username,AuthController,changeUsername,SessionAuthGuard,false,false,false,apps/api/src/auth/auth.controller.ts,0b14ae1da4cf5a684138f59e5d651e8f918f714e9fe8f210406ea42eb5a986bd
POST,/api/auth/change-username/send-otp,AuthController,sendChangeUsernameOtp,SessionAuthGuard,false,false,false,apps/api/src/auth/auth.controller.ts,0b14ae1da4cf5a684138f59e5d651e8f918f714e9fe8f210406ea42eb5a986bd
GET,/api/auth/csrf,PreauthCsrfController,token,,false,false,false,apps/api/src/session/preauth-csrf.controller.ts,db2be409a2a15af3a5655503b0730a6dedf2e5235bce07e6ae8d061c7b72fdc1
POST,/api/auth/force-change-password,AuthController,forceChangePassword,,false,true,false,apps/api/src/auth/auth.controller.ts,0b14ae1da4cf5a684138f59e5d651e8f918f714e9fe8f210406ea42eb5a986bd
POST,/api/auth/forgot-password,AuthController,forgotPassword,,false,true,false,apps/api/src/auth/auth.controller.ts,0b14ae1da4cf5a684138f59e5d651e8f918f714e9fe8f210406ea42eb5a986bd
POST,/api/auth/login,AuthController,login,,false,true,false,apps/api/src/auth/auth.controller.ts,0b14ae1da4cf5a684138f59e5d651e8f918f714e9fe8f210406ea42eb5a986bd
POST,/api/auth/login/resend,AuthController,resendLoginOtp,,false,true,false,apps/api/src/auth/auth.controller.ts,0b14ae1da4cf5a684138f59e5d651e8f918f714e9fe8f210406ea42eb5a986bd
POST,/api/auth/login/verify,AuthController,verifyLoginOtp,,false,true,false,apps/api/src/auth/auth.controller.ts,0b14ae1da4cf5a684138f59e5d651e8f918f714e9fe8f210406ea42eb5a986bd
POST,/api/auth/logout,AuthController,logout,,false,false,false,apps/api/src/auth/auth.controller.ts,0b14ae1da4cf5a684138f59e5d651e8f918f714e9fe8f210406ea42eb5a986bd
POST,/api/auth/refresh,AuthController,refresh,RefreshCsrfGuard,true,false,false,apps/api/src/auth/auth.controller.ts,0b14ae1da4cf5a684138f59e5d651e8f918f714e9fe8f210406ea42eb5a986bd
POST,/api/auth/register,AuthController,register,,false,true,false,apps/api/src/auth/auth.controller.ts,0b14ae1da4cf5a684138f59e5d651e8f918f714e9fe8f210406ea42eb5a986bd
POST,/api/auth/register/resend,AuthController,resendOtp,,false,true,false,apps/api/src/auth/auth.controller.ts,0b14ae1da4cf5a684138f59e5d651e8f918f714e9fe8f210406ea42eb5a986bd
POST,/api/auth/register/verify,AuthController,verifyOtp,,false,true,false,apps/api/src/auth/auth.controller.ts,0b14ae1da4cf5a684138f59e5d651e8f918f714e9fe8f210406ea42eb5a986bd
POST,/api/auth/reset-password,AuthController,resetPassword,,false,true,false,apps/api/src/auth/auth.controller.ts,0b14ae1da4cf5a684138f59e5d651e8f918f714e9fe8f210406ea42eb5a986bd
POST,/api/auth/reset-password/verify,AuthController,verifyResetOtp,,false,true,false,apps/api/src/auth/auth.controller.ts,0b14ae1da4cf5a684138f59e5d651e8f918f714e9fe8f210406ea42eb5a986bd
GET,/api/auth/sessions,SessionController,listSessions,SessionAuthGuard,false,false,false,apps/api/src/session/session.controller.ts,45f3f76a488b79388956dcb80324ac26db567f1c3611ba44199f136739781f3c
DELETE,/api/auth/sessions/:id,SessionController,revokeSession,SessionAuthGuard;StepUpGuard,false,false,true,apps/api/src/session/session.controller.ts,45f3f76a488b79388956dcb80324ac26db567f1c3611ba44199f136739781f3c
POST,/api/auth/sessions/revoke-all,SessionController,revokeAllSessions,SessionAuthGuard,false,false,false,apps/api/src/session/session.controller.ts,45f3f76a488b79388956dcb80324ac26db567f1c3611ba44199f136739781f3c
POST,/api/auth/step-up,AuthController,stepUp,SessionAuthGuard,false,false,false,apps/api/src/auth/auth.controller.ts,0b14ae1da4cf5a684138f59e5d651e8f918f714e9fe8f210406ea42eb5a986bd
GET,/api/auth/trusted-devices,TrustedDevicesController,list,SessionAuthGuard,false,false,false,apps/api/src/session/trusted-devices.controller.ts,bcc609aecdeaa52b6d40f877692eb325fffdc8a8be810f805c90e5298759905e
DELETE,/api/auth/trusted-devices/:id,TrustedDevicesController,revoke,SessionAuthGuard;StepUpGuard,false,false,true,apps/api/src/session/trusted-devices.controller.ts,bcc609aecdeaa52b6d40f877692eb325fffdc8a8be810f805c90e5298759905e
GET,/api/auth/user,AuthController,getUser,SessionAuthGuard,false,false,false,apps/api/src/auth/auth.controller.ts,0b14ae1da4cf5a684138f59e5d651e8f918f714e9fe8f210406ea42eb5a986bd
GET,/api/crm/dashboard/pending-verification,CrmV2Controller,getPendingVerification,SessionAuthGuard;StepUpGuard,false,false,false,apps/api/src/crm/crm-v2.controller.ts,bd83c7a34f0ecb903cced69c6238d096bf3ed75301e878c782b5f4fcb44391b8
DELETE,/api/crm/profiles/:profileId,CrmV2Controller,deleteProfile,SessionAuthGuard;StepUpGuard,false,false,true,apps/api/src/crm/crm-v2.controller.ts,bd83c7a34f0ecb903cced69c6238d096bf3ed75301e878c782b5f4fcb44391b8
GET,/api/crm/profiles/:profileId,CrmV2Controller,getProfileDetail,SessionAuthGuard;StepUpGuard,false,false,false,apps/api/src/crm/crm-v2.controller.ts,bd83c7a34f0ecb903cced69c6238d096bf3ed75301e878c782b5f4fcb44391b8
PUT,/api/crm/profiles/:profileId,CrmV2Controller,updateProfile,SessionAuthGuard;StepUpGuard,false,false,true,apps/api/src/crm/crm-v2.controller.ts,bd83c7a34f0ecb903cced69c6238d096bf3ed75301e878c782b5f4fcb44391b8
GET,/api/crm/profiles/:profileId/documents,CrmLegalDocumentsController,read,SessionAuthGuard,false,false,false,apps/api/src/crm/crm-legal-documents.controller.ts,4b749c877ef9c4375968f63f005894b51ac4111bb623059bb78b9fa9e88921de
GET,/api/crm/profiles/:profileId/records/:kind,CrmV2Controller,getProfileRecords,SessionAuthGuard;StepUpGuard,false,false,false,apps/api/src/crm/crm-v2.controller.ts,bd83c7a34f0ecb903cced69c6238d096bf3ed75301e878c782b5f4fcb44391b8
GET,/api/crm/profiles/:profileId/verification-cases,VerificationCaseController,listProfileCases,SessionAuthGuard;StepUpGuard,false,false,false,apps/api/src/crm/verification-case.controller.ts,c8ba3e2ee9323ffeca6276c6e4ff7e641675fda1442610a1be826512bac27722
POST,/api/crm/profiles/:profileId/verification-cases,VerificationCaseController,createCase,SessionAuthGuard;StepUpGuard,false,false,true,apps/api/src/crm/verification-case.controller.ts,c8ba3e2ee9323ffeca6276c6e4ff7e641675fda1442610a1be826512bac27722
POST,/api/crm/profiles/:profileId/verify,CrmV2Controller,verifyProfile,SessionAuthGuard;StepUpGuard,false,false,true,apps/api/src/crm/crm-v2.controller.ts,bd83c7a34f0ecb903cced69c6238d096bf3ed75301e878c782b5f4fcb44391b8
GET,/api/crm/users,CrmController,listUsers,SessionAuthGuard,false,false,false,apps/api/src/crm/crm.controller.ts,8c5458ed839ec829e80ed6a12ede6e8fb7cb6e3b27267f65318c5006feaf1393
POST,/api/crm/users/:userId/expire-sessions,CrmV2Controller,expireSessions,SessionAuthGuard;StepUpGuard,false,false,true,apps/api/src/crm/crm-v2.controller.ts,bd83c7a34f0ecb903cced69c6238d096bf3ed75301e878c782b5f4fcb44391b8
POST,/api/crm/users/:userId/force-password-change,CrmV2Controller,forcePasswordChange,SessionAuthGuard;StepUpGuard,false,false,true,apps/api/src/crm/crm-v2.controller.ts,bd83c7a34f0ecb903cced69c6238d096bf3ed75301e878c782b5f4fcb44391b8
GET,/api/crm/verification-cases,VerificationCaseController,listCases,SessionAuthGuard;StepUpGuard,false,false,false,apps/api/src/crm/verification-case.controller.ts,c8ba3e2ee9323ffeca6276c6e4ff7e641675fda1442610a1be826512bac27722
GET,/api/crm/verification-cases/:caseId,VerificationCaseController,getCase,SessionAuthGuard;StepUpGuard,false,false,false,apps/api/src/crm/verification-case.controller.ts,c8ba3e2ee9323ffeca6276c6e4ff7e641675fda1442610a1be826512bac27722
PUT,/api/crm/verification-cases/:caseId/status,VerificationCaseController,reviewCase,SessionAuthGuard;StepUpGuard,false,false,true,apps/api/src/crm/verification-case.controller.ts,c8ba3e2ee9323ffeca6276c6e4ff7e641675fda1442610a1be826512bac27722
POST,/api/csp-report,CspReportController,report,,false,false,false,apps/api/src/csp-report/csp-report.controller.ts,3b943f859418f6e4af6625c18b7b594ffc724de2405d8f5037261a08711ee28a
GET,/api/dashboard,DashboardController,getDashboard,SessionAuthGuard,false,false,false,apps/api/src/dashboard/dashboard.controller.ts,ae8d15ee7a3470b6aef7475907393102300d3fa2ce4305a501967f2bda5bc584
GET,/api/geography/company-types,GeographyController,getCompanyTypes,SessionAuthGuard,false,false,false,apps/api/src/geography/geography.controller.ts,85fc6db82515c169ed6ffd08ded136afa463db9fdf919fec2d82c57eeac0b743
GET,/api/geography/provinces,GeographyController,getProvinces,SessionAuthGuard,false,false,false,apps/api/src/geography/geography.controller.ts,85fc6db82515c169ed6ffd08ded136afa463db9fdf919fec2d82c57eeac0b743
GET,/api/geography/provinces/:id/cities,GeographyController,getCities,SessionAuthGuard,false,false,false,apps/api/src/geography/geography.controller.ts,85fc6db82515c169ed6ffd08ded136afa463db9fdf919fec2d82c57eeac0b743
GET,/api/health/live,HealthController,liveness,,false,false,false,apps/api/src/health/health.controller.ts,e9f6a4494b73b18d25972007845fddb97dd99f80028058a6462111e7156f0b60
GET,/api/health/ready,HealthController,readiness,,false,false,false,apps/api/src/health/health.controller.ts,e9f6a4494b73b18d25972007845fddb97dd99f80028058a6462111e7156f0b60
POST,/api/invitations/:inviteId/accept,InvitationsController,acceptInvitation,SessionAuthGuard,false,false,false,apps/api/src/profiles/invitations.controller.ts,d7d65ecdaa1bf47938ce28b72bd05704890a66cce80d15a858057079bb09c142
POST,/api/invitations/:inviteId/decline,InvitationsController,declineInvitation,SessionAuthGuard,false,false,false,apps/api/src/profiles/invitations.controller.ts,d7d65ecdaa1bf47938ce28b72bd05704890a66cce80d15a858057079bb09c142
GET,/api/invitations/pending,InvitationsController,listPendingInvitations,SessionAuthGuard,false,false,false,apps/api/src/profiles/invitations.controller.ts,d7d65ecdaa1bf47938ce28b72bd05704890a66cce80d15a858057079bb09c142
GET,/api/invoices,CustomerInvoiceController,list,SessionAuthGuard,false,false,false,apps/api/src/invoice/customer-invoice.controller.ts,98ca34d13202d51ad64102c986a14df92447c491fa51853ec52b2e113cfc3e55
GET,/api/invoices/:invoiceId,CustomerInvoiceController,get,SessionAuthGuard,false,false,false,apps/api/src/invoice/customer-invoice.controller.ts,98ca34d13202d51ad64102c986a14df92447c491fa51853ec52b2e113cfc3e55
POST,/api/invoices/:invoiceId/bank-receipts,CustomerInvoiceController,submitBankReceipt,SessionAuthGuard,false,false,false,apps/api/src/invoice/customer-invoice.controller.ts,98ca34d13202d51ad64102c986a14df92447c491fa51853ec52b2e113cfc3e55
GET,/api/notifications,NotificationsController,findByUser,SessionAuthGuard,false,false,false,apps/api/src/notifications/notifications.controller.ts,83468b9dcb04a0b55435d188227d86d255e804238d4371365f10aa10590e294a
PATCH,/api/notifications/:id/read,NotificationsController,markAsRead,SessionAuthGuard,false,false,false,apps/api/src/notifications/notifications.controller.ts,83468b9dcb04a0b55435d188227d86d255e804238d4371365f10aa10590e294a
POST,/api/notifications/read-all,NotificationsController,markAllAsRead,SessionAuthGuard,false,false,false,apps/api/src/notifications/notifications.controller.ts,83468b9dcb04a0b55435d188227d86d255e804238d4371365f10aa10590e294a
GET,/api/notifications/unread-count,NotificationsController,countUnread,SessionAuthGuard,false,false,false,apps/api/src/notifications/notifications.controller.ts,83468b9dcb04a0b55435d188227d86d255e804238d4371365f10aa10590e294a
POST,/api/onboarding/complete/:profileId,OnboardingController,completeOnboarding,SessionAuthGuard,false,false,false,apps/api/src/profiles/onboarding.controller.ts,a049d23a5b72ad621c68fcdfb5a87f4debb588e9497a6e5535d504e28fd88039
GET,/api/onboarding/documents/:profileId,OnboardingController,getDocuments,SessionAuthGuard,false,false,false,apps/api/src/profiles/onboarding.controller.ts,a049d23a5b72ad621c68fcdfb5a87f4debb588e9497a6e5535d504e28fd88039
GET,/api/onboarding/draft/:profileId,OnboardingController,getDraft,SessionAuthGuard,false,false,false,apps/api/src/profiles/onboarding.controller.ts,a049d23a5b72ad621c68fcdfb5a87f4debb588e9497a6e5535d504e28fd88039
PUT,/api/onboarding/draft/:profileId,OnboardingController,saveDraft,SessionAuthGuard,false,false,false,apps/api/src/profiles/onboarding.controller.ts,a049d23a5b72ad621c68fcdfb5a87f4debb588e9497a6e5535d504e28fd88039
POST,/api/onboarding/individual/:profileId,OnboardingController,saveIndividualProfile,SessionAuthGuard,false,false,false,apps/api/src/profiles/onboarding.controller.ts,a049d23a5b72ad621c68fcdfb5a87f4debb588e9497a6e5535d504e28fd88039
POST,/api/onboarding/legal/:profileId,OnboardingController,saveLegalProfile,SessionAuthGuard,false,false,false,apps/api/src/profiles/onboarding.controller.ts,a049d23a5b72ad621c68fcdfb5a87f4debb588e9497a6e5535d504e28fd88039
POST,/api/onboarding/start,OnboardingController,startOnboarding,SessionAuthGuard,false,false,false,apps/api/src/profiles/onboarding.controller.ts,a049d23a5b72ad621c68fcdfb5a87f4debb588e9497a6e5535d504e28fd88039
GET,/api/orders,OrdersController,listOrders,SessionAuthGuard,false,false,false,apps/api/src/orders/orders.controller.ts,1ee5451a2828fa4713160e93c0d98e5fa1201907a684f0c39ebd32fbf32ef226
POST,/api/orders,OrdersController,createOrder,SessionAuthGuard,false,false,false,apps/api/src/orders/orders.controller.ts,1ee5451a2828fa4713160e93c0d98e5fa1201907a684f0c39ebd32fbf32ef226
GET,/api/orders/:id,OrdersController,getOrder,SessionAuthGuard,false,false,false,apps/api/src/orders/orders.controller.ts,1ee5451a2828fa4713160e93c0d98e5fa1201907a684f0c39ebd32fbf32ef226
POST,/api/orders/:id/cancel,OrdersController,cancelOrder,SessionAuthGuard,false,false,false,apps/api/src/orders/orders.controller.ts,1ee5451a2828fa4713160e93c0d98e5fa1201907a684f0c39ebd32fbf32ef226
GET,/api/products,ProductsController,getActiveProducts,SessionOptionalGuard,false,false,false,apps/api/src/orders/products.controller.ts,987ddff595cc3cc3149a635e41466548527b409e6c0fa2ee1f88d6af756d3d5b
GET,/api/profiles,ProfilesController,listProfiles,SessionAuthGuard,false,false,false,apps/api/src/profiles/profiles.controller.ts,5229d1572ac3787c3484d6dca47a071e37d9fb197add2f31b3295aae9eb21878
GET,/api/profiles/:id,ProfilesController,getProfile,SessionAuthGuard,false,false,false,apps/api/src/profiles/profiles.controller.ts,5229d1572ac3787c3484d6dca47a071e37d9fb197add2f31b3295aae9eb21878
PUT,/api/profiles/:id,ProfilesController,updateProfile,SessionAuthGuard,false,false,false,apps/api/src/profiles/profiles.controller.ts,5229d1572ac3787c3484d6dca47a071e37d9fb197add2f31b3295aae9eb21878
POST,/api/profiles/:id/set-default,ProfilesController,setDefaultProfile,SessionAuthGuard,false,false,false,apps/api/src/profiles/profiles.controller.ts,5229d1572ac3787c3484d6dca47a071e37d9fb197add2f31b3295aae9eb21878
POST,/api/profiles/:id/verify,ProfilesController,verifyProfile,SessionAuthGuard,false,false,false,apps/api/src/profiles/profiles.controller.ts,5229d1572ac3787c3484d6dca47a071e37d9fb197add2f31b3295aae9eb21878
GET,/api/profiles/:profileId/addresses,ProfilesController,listAddresses,SessionAuthGuard,false,false,false,apps/api/src/profiles/profiles.controller.ts,5229d1572ac3787c3484d6dca47a071e37d9fb197add2f31b3295aae9eb21878
POST,/api/profiles/:profileId/addresses,ProfilesController,createAddress,SessionAuthGuard,false,false,false,apps/api/src/profiles/profiles.controller.ts,5229d1572ac3787c3484d6dca47a071e37d9fb197add2f31b3295aae9eb21878
DELETE,/api/profiles/:profileId/addresses/:addressId,ProfilesController,deleteAddress,SessionAuthGuard,false,false,false,apps/api/src/profiles/profiles.controller.ts,5229d1572ac3787c3484d6dca47a071e37d9fb197add2f31b3295aae9eb21878
PUT,/api/profiles/:profileId/addresses/:addressId,ProfilesController,updateAddress,SessionAuthGuard,false,false,false,apps/api/src/profiles/profiles.controller.ts,5229d1572ac3787c3484d6dca47a071e37d9fb197add2f31b3295aae9eb21878
POST,/api/profiles/:profileId/addresses/:addressId/set-main,ProfilesController,setMainAddress,SessionAuthGuard,false,false,false,apps/api/src/profiles/profiles.controller.ts,5229d1572ac3787c3484d6dca47a071e37d9fb197add2f31b3295aae9eb21878
GET,/api/profiles/:profileId/agents,AgentsController,listAgents,SessionAuthGuard,false,false,false,apps/api/src/profiles/agents.controller.ts,7142644b09cbcce73d89b7d2336832b9bc4943c7648cbcabfb123436692d6195
DELETE,/api/profiles/:profileId/agents/:userId,AgentsController,removeAgent,SessionAuthGuard;StepUpGuard,false,false,true,apps/api/src/profiles/agents.controller.ts,7142644b09cbcce73d89b7d2336832b9bc4943c7648cbcabfb123436692d6195
PUT,/api/profiles/:profileId/agents/:userId/roles,AgentsController,setAgentRoles,SessionAuthGuard;StepUpGuard,false,false,true,apps/api/src/profiles/agents.controller.ts,7142644b09cbcce73d89b7d2336832b9bc4943c7648cbcabfb123436692d6195
POST,/api/profiles/:profileId/invitations,AgentsController,createInvitation,SessionAuthGuard,false,false,false,apps/api/src/profiles/agents.controller.ts,7142644b09cbcce73d89b7d2336832b9bc4943c7648cbcabfb123436692d6195
DELETE,/api/profiles/:profileId/invitations/:inviteId,AgentsController,withdrawInvitation,SessionAuthGuard,false,false,false,apps/api/src/profiles/agents.controller.ts,7142644b09cbcce73d89b7d2336832b9bc4943c7648cbcabfb123436692d6195
POST,/api/profiles/:profileId/ownership-accept,ProfilesController,acceptOwnership,SessionAuthGuard;StepUpGuard,false,false,true,apps/api/src/profiles/profiles.controller.ts,5229d1572ac3787c3484d6dca47a071e37d9fb197add2f31b3295aae9eb21878
POST,/api/profiles/:profileId/ownership-cancel,ProfilesController,cancelOwnership,SessionAuthGuard;StepUpGuard,false,false,true,apps/api/src/profiles/profiles.controller.ts,5229d1572ac3787c3484d6dca47a071e37d9fb197add2f31b3295aae9eb21878
POST,/api/profiles/:profileId/ownership-decline,ProfilesController,declineOwnership,SessionAuthGuard;StepUpGuard,false,false,true,apps/api/src/profiles/profiles.controller.ts,5229d1572ac3787c3484d6dca47a071e37d9fb197add2f31b3295aae9eb21878
POST,/api/profiles/:profileId/transfer-ownership,ProfilesController,initiateOwnershipTransfer,SessionAuthGuard;StepUpGuard,false,false,true,apps/api/src/profiles/profiles.controller.ts,5229d1572ac3787c3484d6dca47a071e37d9fb197add2f31b3295aae9eb21878
GET,/api/profiles/ownership-transfers,ProfilesController,listOwnershipTransfers,SessionAuthGuard,false,false,false,apps/api/src/profiles/profiles.controller.ts,5229d1572ac3787c3484d6dca47a071e37d9fb197add2f31b3295aae9eb21878
POST,/api/profiles/switch/:profileId,ProfilesController,switchProfile,SessionAuthGuard,false,false,false,apps/api/src/profiles/profiles.controller.ts,5229d1572ac3787c3484d6dca47a071e37d9fb197add2f31b3295aae9eb21878
GET,/api/profiles/verification-status,ProfilesController,getVerificationStatus,SessionAuthGuard,false,false,false,apps/api/src/profiles/profiles.controller.ts,5229d1572ac3787c3484d6dca47a071e37d9fb197add2f31b3295aae9eb21878
GET,/api/public/branding/assets/:id/:digest,PublicBrandAssetController,read,,false,false,false,apps/api/src/admin/brand-asset.controller.ts,2276a62acc61c1af28cf8a38b50117ad2a1ff900649c724def87878b5eed7bfc
GET,/api/public/branding/config,PublicBrandingController,getActiveBrandConfig,,false,false,false,apps/api/src/public/branding.controller.ts,49d6a1e01b18b01fa8b0c1c624ce95426124ac5ab1d1162bc739280f8d938f89
GET,/api/staff/tickets,StaffTicketsController,listTickets,SessionAuthGuard,false,false,false,apps/api/src/tickets/staff-tickets.controller.ts,434d87ec01fc582b4ebb130aa06a000248ebbdbfabbdafbfa814eb411fea6d49
GET,/api/staff/tickets/:id,StaffTicketsController,getTicket,SessionAuthGuard,false,false,false,apps/api/src/tickets/staff-tickets.controller.ts,434d87ec01fc582b4ebb130aa06a000248ebbdbfabbdafbfa814eb411fea6d49
PUT,/api/staff/tickets/:id/assign,StaffTicketsController,assignTicket,SessionAuthGuard,false,false,false,apps/api/src/tickets/staff-tickets.controller.ts,434d87ec01fc582b4ebb130aa06a000248ebbdbfabbdafbfa814eb411fea6d49
GET,/api/staff/tickets/:id/comments,StaffTicketsController,listComments,SessionAuthGuard,false,false,false,apps/api/src/tickets/staff-tickets.controller.ts,434d87ec01fc582b4ebb130aa06a000248ebbdbfabbdafbfa814eb411fea6d49
POST,/api/staff/tickets/:id/comments,StaffTicketsController,addComment,SessionAuthGuard,false,false,false,apps/api/src/tickets/staff-tickets.controller.ts,434d87ec01fc582b4ebb130aa06a000248ebbdbfabbdafbfa814eb411fea6d49
PATCH,/api/staff/tickets/:id/status,StaffTicketsController,updateTicketStatus,SessionAuthGuard,false,false,false,apps/api/src/tickets/staff-tickets.controller.ts,434d87ec01fc582b4ebb130aa06a000248ebbdbfabbdafbfa814eb411fea6d49
GET,/api/staff/tickets/assignees,StaffTicketsController,assignees,SessionAuthGuard,false,false,false,apps/api/src/tickets/staff-tickets.controller.ts,434d87ec01fc582b4ebb130aa06a000248ebbdbfabbdafbfa814eb411fea6d49
GET,/api/staff/tickets/teams,StaffTicketsController,teams,SessionAuthGuard,false,false,false,apps/api/src/tickets/staff-tickets.controller.ts,434d87ec01fc582b4ebb130aa06a000248ebbdbfabbdafbfa814eb411fea6d49
GET,/api/tickets,TicketsController,listTickets,SessionAuthGuard,false,false,false,apps/api/src/tickets/tickets.controller.ts,bf9950ea6dc5349e2bc7bd558e6fb857ceb241f1d1f2d7404724be65014174bb
POST,/api/tickets,TicketsController,createTicket,SessionAuthGuard,false,false,false,apps/api/src/tickets/tickets.controller.ts,bf9950ea6dc5349e2bc7bd558e6fb857ceb241f1d1f2d7404724be65014174bb
GET,/api/tickets/:id,TicketsController,getTicket,SessionAuthGuard,false,false,false,apps/api/src/tickets/tickets.controller.ts,bf9950ea6dc5349e2bc7bd558e6fb857ceb241f1d1f2d7404724be65014174bb
GET,/api/tickets/:id/comments,TicketsController,listComments,SessionAuthGuard,false,false,false,apps/api/src/tickets/tickets.controller.ts,bf9950ea6dc5349e2bc7bd558e6fb857ceb241f1d1f2d7404724be65014174bb
POST,/api/tickets/:id/comments,TicketsController,addComment,SessionAuthGuard,false,false,false,apps/api/src/tickets/tickets.controller.ts,bf9950ea6dc5349e2bc7bd558e6fb857ceb241f1d1f2d7404724be65014174bb
PATCH,/api/tickets/:id/status,TicketsController,updateTicketStatus,SessionAuthGuard,false,false,false,apps/api/src/tickets/tickets.controller.ts,bf9950ea6dc5349e2bc7bd558e6fb857ceb241f1d1f2d7404724be65014174bb
GET,/api/tickets/options,TicketsController,creationOptions,SessionAuthGuard,false,false,false,apps/api/src/tickets/tickets.controller.ts,bf9950ea6dc5349e2bc7bd558e6fb857ceb241f1d1f2d7404724be65014174bb
POST,/api/tos/accept,TosController,accept,SessionAuthGuard,false,false,false,apps/api/src/tos/tos.controller.ts,da5eb0ff8788f295e1a15ecdc122828861c4643bdb3dccfd0532212e5f11a38b
POST,/api/tos/accept/:versionId,TosController,acceptVersion,SessionAuthGuard,false,false,false,apps/api/src/tos/tos.controller.ts,da5eb0ff8788f295e1a15ecdc122828861c4643bdb3dccfd0532212e5f11a38b
GET,/api/tos/current,TosController,getCurrent,,false,false,false,apps/api/src/tos/tos.controller.ts,da5eb0ff8788f295e1a15ecdc122828861c4643bdb3dccfd0532212e5f11a38b
POST,/api/upload/:key/record,UploadController,recordUpload,SessionAuthGuard,false,false,false,apps/api/src/upload/upload.controller.ts,7154434ba8cd2f118910608cbff9bb60365e8fd1151e5346f20fdc9bdd2d310d
POST,/api/upload/:key/verify,UploadController,verifyUpload,SessionAuthGuard,false,false,false,apps/api/src/upload/upload.controller.ts,7154434ba8cd2f118910608cbff9bb60365e8fd1151e5346f20fdc9bdd2d310d
POST,/api/upload/presigned-url,UploadController,getPresignedUrl,SessionAuthGuard,false,false,false,apps/api/src/upload/upload.controller.ts,7154434ba8cd2f118910608cbff9bb60365e8fd1151e5346f20fdc9bdd2d310d
GET,/api/user/settings/marketing-consent,UserSettingsController,getMarketingConsent,SessionAuthGuard,false,false,false,apps/api/src/user-settings/user-settings.controller.ts,28557fa310054156f9b36ef036b0464dfd4099c5dd603ca3152589ef90f76ca7
PUT,/api/user/settings/marketing-consent,UserSettingsController,updateMarketingConsent,SessionAuthGuard,false,false,false,apps/api/src/user-settings/user-settings.controller.ts,28557fa310054156f9b36ef036b0464dfd4099c5dd603ca3152589ef90f76ca7
GET,/api/user/settings/notifications,UserSettingsController,getNotificationPreferences,SessionAuthGuard,false,false,false,apps/api/src/user-settings/user-settings.controller.ts,28557fa310054156f9b36ef036b0464dfd4099c5dd603ca3152589ef90f76ca7
PUT,/api/user/settings/notifications,UserSettingsController,updateNotificationPreferences,SessionAuthGuard,false,false,false,apps/api/src/user-settings/user-settings.controller.ts,28557fa310054156f9b36ef036b0464dfd4099c5dd603ca3152589ef90f76ca7
GET,/api/user/settings/timezone,UserSettingsController,getTimezone,SessionAuthGuard,false,false,false,apps/api/src/user-settings/user-settings.controller.ts,28557fa310054156f9b36ef036b0464dfd4099c5dd603ca3152589ef90f76ca7
PUT,/api/user/settings/timezone,UserSettingsController,updateTimezone,SessionAuthGuard,false,false,false,apps/api/src/user-settings/user-settings.controller.ts,28557fa310054156f9b36ef036b0464dfd4099c5dd603ca3152589ef90f76ca7
GET,/api/v1/notifications,NotificationCenterController,list,SessionAuthGuard,false,false,false,apps/api/src/notifications/notification-center.controller.ts,2f91e1e0e02ee1b569f3af8883c66c4439048380545a93d7d6d6f72c4051f8db
PATCH,/api/v1/notifications/:id/read,NotificationCenterController,markRead,SessionAuthGuard,false,false,false,apps/api/src/notifications/notification-center.controller.ts,2f91e1e0e02ee1b569f3af8883c66c4439048380545a93d7d6d6f72c4051f8db
PATCH,/api/v1/notifications/read-all,NotificationCenterController,markAllRead,SessionAuthGuard,false,false,false,apps/api/src/notifications/notification-center.controller.ts,2f91e1e0e02ee1b569f3af8883c66c4439048380545a93d7d6d6f72c4051f8db
GET,/api/v1/notifications/unread-count,NotificationCenterController,unreadCount,SessionAuthGuard,false,false,false,apps/api/src/notifications/notification-center.controller.ts,2f91e1e0e02ee1b569f3af8883c66c4439048380545a93d7d6d6f72c4051f8db
GET,/api/wallet/:profileId,WalletController,getWallet,SessionAuthGuard,false,false,false,apps/api/src/wallet/wallet.controller.ts,0057d71cdaf192cc9090a1426891d1a070d66a0726ac16ef5904ca801d01304d
POST,/api/wallet/:profileId/bank-receipt-top-ups,WalletController,submitBankReceiptTopUp,SessionAuthGuard,false,false,false,apps/api/src/wallet/wallet.controller.ts,0057d71cdaf192cc9090a1426891d1a070d66a0726ac16ef5904ca801d01304d
POST,/api/wallet/:profileId/create,WalletController,createWallet,SessionAuthGuard,false,false,false,apps/api/src/wallet/wallet.controller.ts,0057d71cdaf192cc9090a1426891d1a070d66a0726ac16ef5904ca801d01304d
POST,/api/wallet/:profileId/top-ups,WalletController,initiateOnlineTopUp,SessionAuthGuard,false,false,false,apps/api/src/wallet/wallet.controller.ts,0057d71cdaf192cc9090a1426891d1a070d66a0726ac16ef5904ca801d01304d
GET,/api/wallet/:profileId/transactions,WalletController,getTransactions,SessionAuthGuard,false,false,false,apps/api/src/wallet/wallet.controller.ts,0057d71cdaf192cc9090a1426891d1a070d66a0726ac16ef5904ca801d01304d
GET,/api/wallet/top-ups/callback,OnlineTopUpCallbackController,browserReturn,,true,false,false,apps/api/src/wallet/online-topup-callback.controller.ts,5846c9e4b88775eb6f0ab7e19cae44db08b5502de908c97fe3aecfd939ff31c0
POST,/api/wallet/top-ups/callback,OnlineTopUpCallbackController,receive,,true,false,false,apps/api/src/wallet/online-topup-callback.controller.ts,5846c9e4b88775eb6f0ab7e19cae44db08b5502de908c97fe3aecfd939ff31c0
POST,/api/wallet/top-ups/chargeback,ChargebackDetectionController,receive,,true,false,false,apps/api/src/wallet/chargeback-detection.controller.ts,6f80f5a1c28580efd603bf99769648114f72b3c91900eb0733e28332dcb57684
POST,/api/webhooks/email/resend,EmailWebhookController,receive,,false,false,false,apps/api/src/email-webhook/email-webhook.controller.ts,c59641a334048f51f156f9a4fe855ab3bd534e62ba6ed44b2ce3574c49c85efe
GET,/metrics,MetricsController,getMetrics,,false,false,false,apps/api/src/metrics/metrics.controller.ts,c2b33dda5b151adea21984a1d82e5269ec058d553073319ff0fc18d02e9f934d
POST,/api/profiles/default/:profileId,ProfilesController,chooseDefaultProfile,SessionAuthGuard,false,false,false,apps/api/src/profiles/profiles.controller.ts,5229d1572ac3787c3484d6dca47a071e37d9fb197add2f31b3295aae9eb21878
