task_key,title,current_assessment,evidence,note,skip_commit,direct_merged_prs
01-platform-infrastructure.md#T-05.01.01,Create Ansible playbook or deploy script for pilot topology,no_matching_artifact_found,deploy/pilot,No deployment playbook/script found; proxy configuration alone is insufficient.,c94278fd489c2a655eb6a60c5860c1ce0d4c18bd,
01-platform-infrastructure.md#T-05.01.02,Create `docker-compose.prod.yml` for pilot single-VM deployment,partial,docker-compose.prod.yml,Compose exists; lacks worker and tested complete production wiring. F18.,c94278fd489c2a655eb6a60c5860c1ce0d4c18bd,
01-platform-infrastructure.md#T-05.01.03,Document explicitly that single-server deployment has lower availability,needs_document_review,architecture.md,Deployment material exists; validate explicit single-server availability warning.,c94278fd489c2a655eb6a60c5860c1ce0d4c18bd,
01-platform-infrastructure.md#T-05.02.01,Design and document commercial HA topology,needs_document_review,architecture.md,Architecture material exists; verify complete commercial HA topology and failure domains.,c94278fd489c2a655eb6a60c5860c1ce0d4c18bd,
01-platform-infrastructure.md#T-05.02.02,Configure rolling/blue-green deployment automation for HA,no_matching_artifact_found,.github/workflows,"Only CI workflow found, no rolling/blue-green deployment automation.",c94278fd489c2a655eb6a60c5860c1ce0d4c18bd,
01-platform-infrastructure.md#T-05.02.03,Implement circuit breaker for external providers,partial,apps/api/src/provider-config,Email provider circuit-breaker work exists; not proof of coverage for every external provider.,c94278fd489c2a655eb6a60c5860c1ce0d4c18bd,
01-platform-infrastructure.md#T-05.02.04,"Configure maintenance mode per capability, not whole-application",no_matching_artifact_found,apps/api/src,No complete per-capability maintenance-mode implementation identified.,c94278fd489c2a655eb6a60c5860c1ce0d4c18bd,
01-platform-infrastructure.md#T-05.03.01,"Create CI workflow definition (GitHub Actions, GitLab CI, or equivalent)",existing_implementation_revalidate,.github/workflows/ci.yml,CI exists; repair acceptance gaps under F19 rather than recreate it.,c94278fd489c2a655eb6a60c5860c1ce0d4c18bd,
01-platform-infrastructure.md#T-05.03.02,Implement migration validation step (two environments),partial,packages/db/src/test,"Tests exist, but production clean+upgrade migration gate remains F02/F19.",c94278fd489c2a655eb6a60c5860c1ce0d4c18bd,
01-platform-infrastructure.md#T-05.03.03,Implement OpenAPI generation and drift check,partial,apps/api/package.json,OpenAPI generation exists; committed contract/client drift gate needs completion.,c94278fd489c2a655eb6a60c5860c1ce0d4c18bd,
01-platform-infrastructure.md#T-05.03.04,Configure security scans in PR gate,no_matching_artifact_found,.github/workflows/ci.yml,No full required scan gate in the current CI workflow.,c94278fd489c2a655eb6a60c5860c1ce0d4c18bd,
01-platform-infrastructure.md#T-05.03.05,Implement coverage threshold enforcement,later_merged_needs_fix,apps/api/vitest.config.ts,Later PR #121; current critical-domain thresholds are inadequate. F19.,c94278fd489c2a655eb6a60c5860c1ce0d4c18bd,121
01-platform-infrastructure.md#T-05.04.01,Create staging gate CI workflow,no_matching_artifact_found,.github/workflows,No staging deployment gate workflow found.,c94278fd489c2a655eb6a60c5860c1ce0d4c18bd,
01-platform-infrastructure.md#T-05.04.02,Create production promotion workflow with canary/gradual rollout,no_matching_artifact_found,.github/workflows,No production canary/promotion workflow found.,c94278fd489c2a655eb6a60c5860c1ce0d4c18bd,
01-platform-infrastructure.md#T-05.04.03,Implement post-deploy smoke tests and SLO comparison,no_matching_artifact_found,.github/workflows,No post-deploy smoke/SLO comparison workflow found.,c94278fd489c2a655eb6a60c5860c1ce0d4c18bd,
01-platform-infrastructure.md#T-05.04.04,Create runbooks for rollback scenarios,partial,docs/operations/backup/config-restore-runbook.md,Config restore runbook exists; not all rollback scenarios.,c94278fd489c2a655eb6a60c5860c1ce0d4c18bd,
01-platform-infrastructure.md#T-05.05.01,Create nightly CI schedule,no_matching_artifact_found,.github/workflows/ci.yml,"Current CI has pull_request/push triggers, no nightly schedule.",c94278fd489c2a655eb6a60c5860c1ce0d4c18bd,
01-platform-infrastructure.md#T-05.05.02,Create weekly load/performance regression test,no_matching_artifact_found,.github/workflows,No weekly load/performance workflow found.,c94278fd489c2a655eb6a60c5860c1ce0d4c18bd,
01-platform-infrastructure.md#T-05.05.03,Create quarterly disaster-recovery and restore exercise,operational_evidence_required,docs/operations/backup/config-restore-runbook.md,Runbooks are not evidence a quarterly exercise happened.,c94278fd489c2a655eb6a60c5860c1ce0d4c18bd,
01-platform-infrastructure.md#T-05.05.04,Create quarterly access review and threat-model update,operational_evidence_required,docs,No execution evidence for access review/threat-model exercise; another machine was not inspected.,c94278fd489c2a655eb6a60c5860c1ce0d4c18bd,
01-platform-infrastructure.md#T-06.01.01,Initialize `packages/shared` with tsconfig and dependencies,existing_implementation_revalidate,packages/shared/package.json,Shared package builds and its 620 tests passed.,c94278fd489c2a655eb6a60c5860c1ce0d4c18bd,
01-platform-infrastructure.md#T-06.01.02,Create username validation and normalization helpers,existing_implementation_revalidate,packages/shared/src/validation/normalize-username.ts,Username normalization/validation exists; retain and test against full requirement.,c94278fd489c2a655eb6a60c5860c1ce0d4c18bd,
01-platform-infrastructure.md#T-06.01.03,Create password validation with strength meter logic,existing_implementation_revalidate,apps/web/src/components/PasswordField.tsx,Password validation and strength UI exist; reconcile shared-helper location and policy.,c94278fd489c2a655eb6a60c5860c1ce0d4c18bd,
01-platform-infrastructure.md#T-06.01.04,Create stable error code enum with HTTP status mapping,existing_implementation_revalidate,packages/shared/src/errors/error-codes.ts,Stable errors exist; verify HTTP/client localization contracts.,c94278fd489c2a655eb6a60c5860c1ce0d4c18bd,
01-platform-infrastructure.md#T-06.01.05,Create pagination helper schemas,partial,packages/shared/src,Pagination is implemented per feature; shared schema and all cursor semantics need review.,c94278fd489c2a655eb6a60c5860c1ce0d4c18bd,
01-platform-infrastructure.md#T-06.02.01,Initialize `packages/i18n` with message dictionary structure,existing_implementation_revalidate,packages/i18n/src/index.ts,Both dictionaries exist; validate parity across completed features.,c94278fd489c2a655eb6a60c5860c1ce0d4c18bd,
01-platform-infrastructure.md#T-06.02.02,Create Jalali calendar date utilities,partial,packages/ui/src/components/base-ui/date-picker.tsx,Jalali display exists; actual calendar semantics require F20.,c94278fd489c2a655eb6a60c5860c1ce0d4c18bd,
01-platform-infrastructure.md#T-06.02.03,Create timezone-aware date/time display utilities,partial,apps/web/src/routes/_app/settings/timezone.tsx,Timezone preference exists; all consumers do not yet consistently apply it.,c94278fd489c2a655eb6a60c5860c1ce0d4c18bd,
01-platform-infrastructure.md#T-06.02.04,Create logic for RTL/LTR switching based on locale,partial,apps/web/src/pages/DashboardLayout.tsx,RTL/locale pieces exist; complete context propagation and F20 checks.,c94278fd489c2a655eb6a60c5860c1ce0d4c18bd,
01-platform-infrastructure.md#T-06.02.05,Localize number/currency formatting,partial,apps/web/src,Per-screen currency/number formatting exists; verify centralized exact IRR formatting.,c94278fd489c2a655eb6a60c5860c1ce0d4c18bd,
01-platform-infrastructure.md#T-06.03.01,Initialize `packages/ui` with shadcn/ui and Base UI,existing_implementation_revalidate,packages/ui/package.json,"UI package, shadcn and Base UI exist through later design work.",c94278fd489c2a655eb6a60c5860c1ce0d4c18bd,
01-platform-infrastructure.md#T-06.03.02,Create themed component set with RTL support,existing_implementation_revalidate,packages/ui/src/components,Themed component set exists; perform RTL acceptance checks.,c94278fd489c2a655eb6a60c5860c1ce0d4c18bd,
01-platform-infrastructure.md#T-06.03.03,Implement WCAG 2.2 AA accessibility in all shared components,acceptance_gap,packages/ui/src/components,WCAG acceptance is not established; triage React Doctor and run F20.,c94278fd489c2a655eb6a60c5860c1ce0d4c18bd,
01-platform-infrastructure.md#T-06.03.04,Create localized DatePicker component,partial,packages/ui/src/components/base-ui/date-picker.tsx,DatePicker and range support exist; F20 must verify Jalali grid behavior.,c94278fd489c2a655eb6a60c5860c1ce0d4c18bd,
01-platform-infrastructure.md#T-06.03.05,Implement theme system with admin overrides,existing_implementation_revalidate,apps/web/src/pages/AdminBrandingConfig.tsx,Admin branding configuration exists; verify theme propagation/contrast.,c94278fd489c2a655eb6a60c5860c1ce0d4c18bd,
01-platform-infrastructure.md#T-06.03.06,Create loading/empty/error state components,partial,packages/ui/src/components/ui/skeleton.tsx,Skeleton and per-screen states exist; verify required shared empty/error components.,c94278fd489c2a655eb6a60c5860c1ce0d4c18bd,
01-platform-infrastructure.md#T-06.04.01,Create privacy-safe analytics abstraction with consent gate and redaction,no_matching_artifact_found,apps/web/src,No complete privacy-safe analytics abstraction identified; marketing notification consent is a different feature.,c94278fd489c2a655eb6a60c5860c1ce0d4c18bd,
01-platform-infrastructure.md#T-07.01.01,Create `pnpm setup:dev` convenience script,no_matching_artifact_found,package.json,Root setup:dev script is absent.,c94278fd489c2a655eb6a60c5860c1ce0d4c18bd,
01-platform-infrastructure.md#T-07.01.02,Configure dev-mode OTP bypass and console printing,partial,apps/api/src/auth/otp.service.ts,Development OTP printing exists; validate bypass gating and production exclusion.,c94278fd489c2a655eb6a60c5860c1ce0d4c18bd,
01-platform-infrastructure.md#T-07.01.03,Create `pnpm db:push` script for dev schema synchronization,existing_implementation_revalidate,packages/db/package.json,Inspect existing database push scripts and development-only constraints before adding anything.,c94278fd489c2a655eb6a60c5860c1ce0d4c18bd,
01-platform-infrastructure.md#T-07.01.04,Add environment indicator middleware,no_matching_artifact_found,apps/api/src/app.module.ts,No complete required environment-indicator middleware identified.,c94278fd489c2a655eb6a60c5860c1ce0d4c18bd,
01-platform-infrastructure.md#T-07.02.01,Create versioned configuration store in PostgreSQL,partial,packages/shared/src/config-cache/config-cache.ts,app_config and versioned feature configurations exist; no single fully certified store contract.,c94278fd489c2a655eb6a60c5860c1ce0d4c18bd,
01-platform-infrastructure.md#T-07.02.02,Create configuration validation framework,partial,packages/shared/src/admin,Typed per-feature validators exist; verify framework-wide version/activation rules.,c94278fd489c2a655eb6a60c5860c1ce0d4c18bd,
01-platform-infrastructure.md#T-07.02.03,Implement configuration rollback,partial,apps/api/src/provider-config,Provider rollback exists; verify required scope for general configuration rollback.,c94278fd489c2a655eb6a60c5860c1ce0d4c18bd,
01-platform-infrastructure.md#T-07.02.04,Create secrets encryption and masking service,partial,apps/api/src/provider-config/provider-secrets.service.ts,Provider and AI secret encryption exist; verification provider handling needs F06.,c94278fd489c2a655eb6a60c5860c1ce0d4c18bd,
01-platform-infrastructure.md#T-07.02.05,Implement provider configuration lifecycle with test-send,partial,apps/api/src/provider-config,Provider lifecycle/test adapters exist; production delivery remains F09.,c94278fd489c2a655eb6a60c5860c1ce0d4c18bd,
01-platform-infrastructure.md#T-07.03.01,Create shared ESLint configuration,no_matching_artifact_found,package.json,Root lint delegates to empty per-package task set; no shared ESLint configuration found.,c94278fd489c2a655eb6a60c5860c1ce0d4c18bd,
01-platform-infrastructure.md#T-07.03.02,Configure Prettier with consistent formatting,no_matching_artifact_found,package.json,Root format commands exist; no substantive shared Prettier task/config found.,c94278fd489c2a655eb6a60c5860c1ce0d4c18bd,
01-platform-infrastructure.md#T-07.03.03,"Set up Husky, lint-staged, and commitlint",no_matching_artifact_found,package.json,No Husky/lint-staged/commitlint setup found.,c94278fd489c2a655eb6a60c5860c1ce0d4c18bd,
01-platform-infrastructure.md#T-07.03.04,Create `.editorconfig` and `.vscode` workspace settings,no_matching_artifact_found,README.md,No .editorconfig or .vscode workspace settings found.,c94278fd489c2a655eb6a60c5860c1ce0d4c18bd,
01-platform-infrastructure.md#T-07.04.01,Create incident runbooks directory (`docs/runbooks/`),partial,docs/operations/backup/config-restore-runbook.md,"Some operational runbooks exist, not the complete incident runbook set.",c94278fd489c2a655eb6a60c5860c1ce0d4c18bd,
01-platform-infrastructure.md#T-07.04.02,Create initial ADRs,existing_implementation_revalidate,docs/adr,Four ADR files exist; compare with the required initial decision list.,c94278fd489c2a655eb6a60c5860c1ce0d4c18bd,
01-platform-infrastructure.md#T-07.04.03,Create deployment guide,partial,README.md,Deployment instructions are distributed across files; complete/validate guide after F18.,c94278fd489c2a655eb6a60c5860c1ce0d4c18bd,
01-platform-infrastructure.md#T-07.04.04,Create incident response plan,no_matching_artifact_found,docs,No complete incident-response plan identified.,c94278fd489c2a655eb6a60c5860c1ce0d4c18bd,
01-platform-infrastructure.md#T-07.05.01,Enforce “no external call inside a database transaction”,acceptance_gap,apps/api/src,Some provider flows separate calls from transactions; no repository-wide enforcement proof.,c94278fd489c2a655eb6a60c5860c1ce0d4c18bd,
01-platform-infrastructure.md#T-07.05.02,Generate and verify TypeScript API client contracts from OpenAPI,partial,apps/api/package.json,OpenAPI generation exists; generated TypeScript client plus CI drift check not established.,c94278fd489c2a655eb6a60c5860c1ce0d4c18bd,
01-platform-infrastructure.md#T-07.05.03,Verify health-endpoint middleware exclusions,acceptance_gap,apps/api/src/app.module.ts,Verify real HTTP health exclusions and rate-limit/auth behavior; no completed end-to-end proof.,c94278fd489c2a655eb6a60c5860c1ce0d4c18bd,
01-platform-infrastructure.md#T-07.05.04,Document and gate module extraction criteria,needs_document_review,architecture.md,Architecture exists; explicit module-extraction criteria/gates still need requirement comparison.,c94278fd489c2a655eb6a60c5860c1ce0d4c18bd,
