PR,title,merged_at,branch,task_keys,URL
1,feat: create pnpm workspace with apps/* and packages/* roots,2026-08-24T00:00:27Z,feat/e01-t-01-01-01--pnpm-workspace,01-platform-infrastructure.md#T-01.01.01,https://github.com/barghsadev/barghsa-core/pull/1
2,feat: create root turbo.json pipeline definition,2026-08-24T00:39:16Z,feat/e01-t-01-01-02--turbo-pipeline,01-platform-infrastructure.md#T-01.01.02,https://github.com/barghsadev/barghsa-core/pull/2
3,feat: create root .npmrc with strict peer deps (T-01.01.03),2026-08-24T00:48:43Z,feat/e01-t-01-01-03--npmrc,01-platform-infrastructure.md#T-01.01.03,https://github.com/barghsadev/barghsa-core/pull/3
4,feat: add root package.json scripts and engines constraint,2026-08-24T00:58:24Z,feat/e01-t-01-01-04--root-package-json-scripts,01-platform-infrastructure.md#T-01.01.04,https://github.com/barghsadev/barghsa-core/pull/4
5,feat: verify monorepo integrity and add CI workflow,2026-08-24T01:15:16Z,feat/e01-t-01-01-05--monorepo-integrity,01-platform-infrastructure.md#T-01.01.05,https://github.com/barghsadev/barghsa-core/pull/5
6,feat(tsconfig): create shared tsconfig/base.json with strict settings,2026-08-24T01:27:52Z,feat/e01-t-01-02-01--tsconfig-base,01-platform-infrastructure.md#T-01.02.01,https://github.com/barghsadev/barghsa-core/pull/6
7,feat: configure per-package tsconfig with project references,2026-08-24T01:39:10Z,feat/e01-t-01-02-02--per-package-tsconfig,01-platform-infrastructure.md#T-01.02.02,https://github.com/barghsadev/barghsa-core/pull/7
8,feat: create root tsconfig.json with project references (T-01.02.03),2026-08-24T01:55:03Z,feat/e01-t-01-02-03--root-tsconfig,01-platform-infrastructure.md#T-01.02.03,https://github.com/barghsadev/barghsa-core/pull/8
9,feat: add typecheck step to CI workflow (T-01.02.04),2026-08-24T02:18:17Z,feat/e01-t-01-02-04--ci-typecheck,01-platform-infrastructure.md#T-01.02.04,https://github.com/barghsadev/barghsa-core/pull/9
10,feat: configure TanStack Start build pipeline in apps/web,2026-08-24T02:43:33Z,feat/e01-t-01-03-01--tanstack-start-build,01-platform-infrastructure.md#T-01.03.01,https://github.com/barghsadev/barghsa-core/pull/10
11,feat: configure NestJS build pipeline in apps/api (T-01.03.02),2026-08-24T03:02:06Z,feat/e01-t-01-03-02--nestjs-build-pipeline,01-platform-infrastructure.md#T-01.03.02,https://github.com/barghsadev/barghsa-core/pull/11
12,feat(web): route-level code splitting and lazy loading for heavy modules,2026-08-24T03:20:23Z,feat/e01-t-01-03-03--route-code-splitting,01-platform-infrastructure.md#T-01.03.03,https://github.com/barghsadev/barghsa-core/pull/12
13,feat: implement bundle budget checking in CI (T-01.03.04),2026-08-24T03:35:51Z,feat/e01-t-01-03-04--bundle-budget-checking,01-platform-infrastructure.md#T-01.03.04,https://github.com/barghsadev/barghsa-core/pull/13
14,feat: configure hashed filenames and CDN-ready public asset output (T-01.03.05),2026-08-24T03:51:20Z,feat/e01-t-01-03-05--cdn-asset-output,01-platform-infrastructure.md#T-01.03.05,https://github.com/barghsadev/barghsa-core/pull/14
15,feat: vitest workspace (T-01.04.01),2026-08-24T04:06:15Z,feat/e01-t-01-04-01--vitest-workspace,01-platform-infrastructure.md#T-01.04.01,https://github.com/barghsadev/barghsa-core/pull/15
16,feat: per-package vitest configs with coverage thresholds (T-01.04.02),2026-08-24T04:23:11Z,feat/e01-t-01-04-02--vitest-coverage-thresholds,01-platform-infrastructure.md#T-01.04.02,https://github.com/barghsadev/barghsa-core/pull/16
17,feat(packages/db): initialize Drizzle ORM with pg pool and drizzle-kit (T-02.01.01),2026-08-24T04:49:56Z,feat/e01-t-02-01-01--drizzle-orm,01-platform-infrastructure.md#T-02.01.01,https://github.com/barghsadev/barghsa-core/pull/17
18,feat(packages/db): PostgreSQL pool factory with env var defaults and GUC timeout guards (T-02.01.02),2026-08-24T05:08:02Z,feat/e02-t-02-01-02--pool-factory,01-platform-infrastructure.md#T-02.01.02,https://github.com/barghsadev/barghsa-core/pull/18
19,feat(packages/db): implement query timeout and cancellation (T-02.01.03),2026-08-24T05:33:18Z,feat/e02-t-02-01-03--query-timeout-cancellation,01-platform-infrastructure.md#T-02.01.03,https://github.com/barghsadev/barghsa-core/pull/19
20,feat(db): add dbHealth() health check for readiness probes,2026-08-24T05:48:50Z,feat/e01-t-02-01-04--db-health-check,01-platform-infrastructure.md#T-02.01.04,https://github.com/barghsadev/barghsa-core/pull/20
21,feat(db): testcontainers-based PostgreSQL integration test harness,2026-08-24T06:01:29Z,feat/e01-t-01-04-03--integration-test-setup,01-platform-infrastructure.md#T-01.04.03,https://github.com/barghsadev/barghsa-core/pull/21
22,feat(db): add custom Drizzle type definitions for PostgreSQL column conventions,2026-08-24T06:19:45Z,feat/e01-t-02-02-01--custom-drizzle-types,01-platform-infrastructure.md#T-02.02.01,https://github.com/barghsadev/barghsa-core/pull/22
23,"feat(db): base table factory with id, createdAt, updatedAt columns",2026-08-24T06:32:23Z,feat/e01-t-02-02-02--base-table-factory,01-platform-infrastructure.md#T-02.02.02,https://github.com/barghsadev/barghsa-core/pull/23
24,feat(db): add uuid_generate_v7() migration and tests,2026-08-24T06:47:05Z,feat/e02-t-02-02-03--uuidv7-migration,01-platform-infrastructure.md#T-02.02.03,https://github.com/barghsadev/barghsa-core/pull/24
25,feat(web): configure Playwright E2E testing scaffold,2026-08-24T07:07:00Z,feat/e01-t-01-04-04--playwright-e2e,01-platform-infrastructure.md#T-01.04.04,https://github.com/barghsadev/barghsa-core/pull/25
26,feat: wire test and test:coverage tasks in turbo.json,2026-08-24T07:21:14Z,feat/e01-t-01-04-05--wire-test-tasks,01-platform-infrastructure.md#T-01.04.05,https://github.com/barghsadev/barghsa-core/pull/26
27,docs: ADR-001 data types and column conventions (T-02.02.04),2026-08-24T07:38:45Z,feat/e02-t-02-02-04--column-conventions-adr,01-platform-infrastructure.md#T-02.02.04,https://github.com/barghsadev/barghsa-core/pull/27
28,feat: configure flaky-test quarantine process (T-01.04.06),2026-08-24T08:22:38Z,feat/e01-t-01-04-06--flaky-test-quarantine,01-platform-infrastructure.md#T-01.04.06,https://github.com/barghsadev/barghsa-core/pull/28
29,feat: global HttpExceptionFilter and CorrelationIdMiddleware (T-01.05.01),2026-08-24T09:13:21Z,feat/e01-t-01-05-01--http-exception-filter-correlation-id,01-platform-infrastructure.md#T-01.05.01,https://github.com/barghsadev/barghsa-core/pull/29
30,feat: create Dockerfile.web with multi-stage build (T-03.01.01),2026-08-24T09:28:56Z,feat/e01-t-03-01-01--dockerfile-web,01-platform-infrastructure.md#T-03.01.01,https://github.com/barghsadev/barghsa-core/pull/30
31,feat: create shared Dockerfile.base for API and worker (T-03.01.02),2026-08-24T09:56:14Z,feat/e03-t-03-01-02--shared-dockerfile-base,01-platform-infrastructure.md#T-03.01.02,https://github.com/barghsadev/barghsa-core/pull/31
32,feat(infra): create .dockerignore,2026-08-24T10:03:59Z,feat/e01-t-03-01-03--dockerignore,01-platform-infrastructure.md#T-03.01.03,https://github.com/barghsadev/barghsa-core/pull/32
33,feat(e01): add HEALTHCHECK instruction to all Dockerfiles,2026-08-24T10:17:43Z,feat/e01-t-03-01-04--healthcheck,01-platform-infrastructure.md#T-03.01.04,https://github.com/barghsadev/barghsa-core/pull/33
34,feat(e01): implement security hardening in Docker images,2026-08-24T10:21:06Z,feat/e01-t-03-01-05--docker-security,01-platform-infrastructure.md#T-03.01.05,https://github.com/barghsadev/barghsa-core/pull/34
35,"feat: create docker-compose.yml with PostgreSQL, Redis, MinIO",2026-08-24T10:28:42Z,feat/e01-t-03-02-01--docker-compose,01-platform-infrastructure.md#T-03.02.01,https://github.com/barghsadev/barghsa-core/pull/35
36,feat: create .env.example with all required development variables,2026-08-24T10:36:20Z,feat/e03-t-03-02-02--env-example,01-platform-infrastructure.md#T-03.02.02,https://github.com/barghsadev/barghsa-core/pull/36
37,feat: root pnpm dev script with hot-reload across all apps (T-03.02.03),2026-08-24T10:46:15Z,feat/e01-t-03-02-03--pnpm-dev-script,01-platform-infrastructure.md#T-03.02.03,https://github.com/barghsadev/barghsa-core/pull/37
38,feat(e01): configure file-watch polling for Docker-for-Mac (T-03.02.04),2026-08-24T10:55:40Z,feat/e01-t-03-02-04--docker-file-watch-polling,01-platform-infrastructure.md#T-03.02.04,https://github.com/barghsadev/barghsa-core/pull/38
39,feat: add liveness/readiness health controllers to NestJS API,2026-08-24T11:14:37Z,feat/e03-t-03-03-01--health-controllers,01-platform-infrastructure.md#T-03.03.01,https://github.com/barghsadev/barghsa-core/pull/39
40,feat(e01-t-03-03-02): graceful SIGTERM handler for NestJS API and worker,2026-08-24T11:37:50Z,feat/e01-t-03-03-02--graceful-sigterm,01-platform-infrastructure.md#T-03.03.02,https://github.com/barghsadev/barghsa-core/pull/40
41,feat(e01-t-03-03-03): graceful web frontend shutdown,2026-08-24T11:51:03Z,feat/e01-t-03-03-03--web-frontend-shutdown,01-platform-infrastructure.md#T-03.03.03,https://github.com/barghsadev/barghsa-core/pull/41
42,feat(api): non-critical readiness check with X-Health-Warning header (T-03.03.04),2026-08-24T12:23:33Z,feat/e01-t-03-03-04--readiness-noncritical,01-platform-infrastructure.md#T-03.03.04,https://github.com/barghsadev/barghsa-core/pull/42
43,feat(e04): configure PgBouncer connection pooling strategy (T-04.01.01),2026-08-24T12:41:36Z,feat/e01-t-04-01-01--pgbouncer-pooling,01-platform-infrastructure.md#T-04.01.01,https://github.com/barghsadev/barghsa-core/pull/43
44,feat(db): configure automated backups with WAL archiving (T-04.01.02 — slice 1),2026-08-24T12:57:49Z,feat/e01-t-04-01-02--backup-infra,01-platform-infrastructure.md#T-04.01.02,https://github.com/barghsadev/barghsa-core/pull/44
45,feat(db): add restore-pg.sh script for PostgreSQL backup restoration (T-04.01.03 — slice 1),2026-08-24T13:34:30Z,feat/e01-t-04-01-03--restore-script,01-platform-infrastructure.md#T-04.01.03,https://github.com/barghsadev/barghsa-core/pull/45
46,feat(db): implement PostgreSQL performance baseline and monitoring,2026-08-24T14:23:22Z,feat/e04-t-04-01-04--pg-performance-monitoring,01-platform-infrastructure.md#T-04.01.04,https://github.com/barghsadev/barghsa-core/pull/46
47,fix(ci): enable skipLibCheck for api and worker to resolve drizzle-orm type errors,2026-08-24T14:12:13Z,fix/ci-skip-lib-check,,https://github.com/barghsadev/barghsa-core/pull/47
48,"feat(db): add restore verification script (T-04.01.05, slice 1)",2026-08-24T15:11:19Z,feat/e04-t-04-01-05--quarterly-restore-verify,01-platform-infrastructure.md#T-04.01.05,https://github.com/barghsadev/barghsa-core/pull/48
49,feat(db): hybrid deployment ADR and TLS config (T-04.01.06 slice 1),2026-08-24T15:18:37Z,feat/e04-t-04-01-06-slice1--hybrid-deployment-adr,01-platform-infrastructure.md#T-04.01.06,https://github.com/barghsadev/barghsa-core/pull/49
50,feat: encrypted off-server config & critical files backup (T-04.01.07),2026-08-24T15:27:49Z,feat/e01-t-04-01-07--encrypted-off-server-backup,01-platform-infrastructure.md#T-04.01.07,https://github.com/barghsadev/barghsa-core/pull/50
51,feat(shared): create Redis connection factory with graceful fallback,2026-08-24T15:54:43Z,feat/e04-t-04-02-01--redis-factory,01-platform-infrastructure.md#T-04.02.01,https://github.com/barghsadev/barghsa-core/pull/51
52,feat: distributed rate-limiting with Redis + PostgreSQL fallback (T-04.02.02),2026-08-24T16:17:52Z,feat/e04-t-04-02-02--rate-limiter-pg,01-platform-infrastructure.md#T-04.02.02,https://github.com/barghsadev/barghsa-core/pull/52
53,feat(api): implement configuration caching with version-gated invalidation,2026-08-24T16:54:20Z,feat/e01-t-04-02-03--config-caching,01-platform-infrastructure.md#T-04.02.03,https://github.com/barghsadev/barghsa-core/pull/53
54,feat(docs): ADR-002 Redis scope & architectural guarantees,2026-08-24T17:01:57Z,feat/e01-t-04-02-04--redis-adr,01-platform-infrastructure.md#T-04.02.04,https://github.com/barghsadev/barghsa-core/pull/54
55,feat(shared): add S3 storage provider abstraction (T-04.03.01),2026-08-24T17:21:37Z,feat/e04-t-04-03-01--s3-storage-provider,01-platform-infrastructure.md#T-04.03.01,https://github.com/barghsadev/barghsa-core/pull/55
56,feat(api): presigned URL backend — StorageModule + UploadModule (T-04.03.02 slice 1),2026-08-24T17:47:18Z,feat/e04-t04-03-02--presigned-url-backend,01-platform-infrastructure.md#T-04.03.02,https://github.com/barghsadev/barghsa-core/pull/56
57,feat(storage): configure bucket versioning and lifecycle policies,2026-08-24T17:58:44Z,feat/e04-t-04-03-03--bucket-versioning-lifecycle,01-platform-infrastructure.md#T-04.03.03,https://github.com/barghsadev/barghsa-core/pull/57
58,feat: admin storage configuration UI (T-04.03.04),2026-08-24T18:11:54Z,feat/e04-t-04-03-04--admin-storage-config,01-platform-infrastructure.md#T-04.03.04,https://github.com/barghsadev/barghsa-core/pull/58
59,T-04.03.05: Enforce immutability for signed contracts and critical records,2026-08-24T18:34:18Z,feat/e04-t-04-03-05--immutable-storage,01-platform-infrastructure.md#T-04.03.05,https://github.com/barghsadev/barghsa-core/pull/59
60,T-04.04.01: Create NGINX/Caddy configuration for pilot (single-node) topology,2026-08-24T18:45:47Z,feat/e04-t-04-04-01--pilot-proxy-config,01-platform-infrastructure.md#T-04.04.01,https://github.com/barghsadev/barghsa-core/pull/60
61,feat: configure CSP Report-Only headers and reporting endpoint,2026-08-24T18:56:32Z,feat/e04-t-04-04-02--security-headers,01-platform-infrastructure.md#T-04.04.02,https://github.com/barghsadev/barghsa-core/pull/61
62,"feat(T-04.04.03): configure edge rate limiting for auth, upload, and AI endpoints",2026-08-24T19:06:01Z,feat/e01-t-04-04-03--edge-rate-limiting,01-platform-infrastructure.md#T-04.04.03,https://github.com/barghsadev/barghsa-core/pull/62
63,feat(e04): configure static asset caching and CDN readiness,2026-08-24T19:22:08Z,feat/e01-t-04-04-04--static-asset-caching,01-platform-infrastructure.md#T-04.04.04,https://github.com/barghsadev/barghsa-core/pull/63
64,feat(e04): implement ETag support for safe metadata endpoints,2026-08-24T19:37:16Z,feat/e04-t-04-04-05--etag-support,01-platform-infrastructure.md#T-04.04.05,https://github.com/barghsadev/barghsa-core/pull/64
65,"feat(e07): initialize packages/ui with Tailwind CSS v4, PostCSS, autoprefixer",2026-08-24T20:19:14Z,feat/e07-t-07-01-01-01--tailwind-v4-setup,07-ui-ux-design.md#T-07.01.01.01,https://github.com/barghsadev/barghsa-core/pull/65
66,feat(ui): install and configure shadcn/ui CLI with 27 components,2026-08-24T20:39:53Z,feat/e07-t-07-01-01-02--shadcn-ui-setup,07-ui-ux-design.md#T-07.01.01.02,https://github.com/barghsadev/barghsa-core/pull/66
67,"feat(ui): implement Base UI widgets — NumberField, DatePicker, ComboBox, MultiSelect, DataTable",2026-08-24T20:59:34Z,feat/e07-t-07-01-01-03--base-ui-widgets,07-ui-ux-design.md#T-07.01.01.03,https://github.com/barghsadev/barghsa-core/pull/67
68,feat(e02): add register route with shared auth layout,2026-08-24T21:12:40Z,feat/e02-t-01-01-01--register-route-auth-layout,02-auth-users-admin.md#T-01.01.01,https://github.com/barghsadev/barghsa-core/pull/68
69,feat(auth): unified username field with type detection and E.164 normalization,2026-08-24T21:21:16Z,feat/e02-t-01-01-02--unified-username-field,02-auth-users-admin.md#T-01.01.02,https://github.com/barghsadev/barghsa-core/pull/69
70,feat(e02): password field with visibility toggle and strength meter,2026-08-24T21:52:39Z,feat/e02-t-01-01-03--password-field,02-auth-users-admin.md#T-01.01.03,https://github.com/barghsadev/barghsa-core/pull/70
71,feat(auth): add TOS acceptance checkbox to register form (#T-01.01.04),2026-08-24T22:02:48Z,feat/e02-t-01-01-04--tos-checkbox,02-auth-users-admin.md#T-01.01.04,https://github.com/barghsadev/barghsa-core/pull/71
72,"feat(register): Add ""Back to login"" and ""Forgot password?"" links (T-01.01.05)",2026-08-24T22:09:22Z,feat/e02-t-01-01-05--back-to-login-forgot-pw-links,02-auth-users-admin.md#T-01.01.05,https://github.com/barghsadev/barghsa-core/pull/72
73,feat(auth): registration form submission and error handling (T-01.01.06),2026-08-24T22:37:46Z,feat/e02-t-01-01-06--register-submit,02-auth-users-admin.md#T-01.01.06,https://github.com/barghsadev/barghsa-core/pull/73
74,"feat(auth): OTP backend generation, storage, and verification (T-01.02.01)",2026-08-24T23:27:25Z,feat/e02-t-01-02-01--otp-backend,02-auth-users-admin.md#T-01.02.01,https://github.com/barghsadev/barghsa-core/pull/74
75,feat: OTP input UI with resend (T-01.02.02),2026-08-25T00:10:15Z,feat/e02-t-01-02-02--otp-input-ui,02-auth-users-admin.md#T-01.02.02,https://github.com/barghsadev/barghsa-core/pull/75
76,feat: OTP verification and user creation (T-01.02.03),2026-08-25T01:10:59Z,feat/e02-t-01-02-03--otp-verification-and-user-creation,02-auth-users-admin.md#T-01.02.03,https://github.com/barghsadev/barghsa-core/pull/76
77,feat: Login page UI (T-02.01.01),2026-08-25T01:21:28Z,feat/e02-t-02-01-01--login-page-ui,02-auth-users-admin.md#T-02.01.01,https://github.com/barghsadev/barghsa-core/pull/77
78,feat(auth): login authentication endpoint (T-02.01.02 Slice 1),2026-08-25T01:51:25Z,feat/e02-t-02-01-02--login-authentication-flow,02-auth-users-admin.md#T-02.01.02,https://github.com/barghsadev/barghsa-core/pull/78
79,feat(db): configure drizzle.config.ts (T-02.03.01),2026-08-25T02:02:55Z,feat/e01-t-02-03-01--drizzle-config,01-platform-infrastructure.md#T-02.03.01,https://github.com/barghsadev/barghsa-core/pull/79
80,feat(db): create migration runner script for production deployments (T-02.03.02),2026-08-25T02:17:20Z,feat/e01-t-02-03-02--migration-runner,01-platform-infrastructure.md#T-02.03.02,https://github.com/barghsadev/barghsa-core/pull/80
81,feat(db): create seed script with extensible upsert framework,2026-08-25T02:33:36Z,feat/e01-t-02-04-01--seed-script,01-platform-infrastructure.md#T-02.04.01,https://github.com/barghsadev/barghsa-core/pull/81
82,feat(db): add four default electricity products to seed,2026-08-25T02:44:49Z,feat/e01-t-02-04-02--default-electricity-products,01-platform-infrastructure.md#T-02.04.02,https://github.com/barghsadev/barghsa-core/pull/82
83,feat(db): admin bootstrap mechanism (T-02.04.03),2026-08-25T03:02:32Z,feat/e01-t-02-04-03--admin-bootstrap,01-platform-infrastructure.md#T-02.04.03,https://github.com/barghsadev/barghsa-core/pull/83
84,feat(db): wire pnpm db:seed script (T-02.04.04),2026-08-25T03:13:31Z,feat/e01-t-02-04-04--pnpm-db-seed-script,01-platform-infrastructure.md#T-02.04.04,https://github.com/barghsadev/barghsa-core/pull/84
85,feat(db): add seed verification test (T-02.04.05),2026-08-25T03:28:23Z,feat/e01-t-02-04-05--seed-verification-test,01-platform-infrastructure.md#T-02.04.05,https://github.com/barghsadev/barghsa-core/pull/85
86,feat(db): add database constraints protecting system electricity products,2026-08-25T03:38:58Z,feat/e01-t-02-04-06--system-product-constraints,01-platform-infrastructure.md#T-02.04.06,https://github.com/barghsadev/barghsa-core/pull/86
87,feat(e02): login OTP verification (T-02.01.03),2026-08-25T04:06:12Z,feat/e02-t-02-01-03--login-otp-verify,02-auth-users-admin.md#T-02.01.03,https://github.com/barghsadev/barghsa-core/pull/87
88,feat: password change enforcement on login (T-02.01.04),2026-08-25T04:22:41Z,feat/e02-t-02-01-04--password-change-enforcement,02-auth-users-admin.md#T-02.01.04,https://github.com/barghsadev/barghsa-core/pull/88
89,feat(e02): session creation and cookie management (T-02.02.01),2026-08-25T05:34:32Z,feat/e02-t-02-02-01--session-creation-cookie,02-auth-users-admin.md#T-02.02.01,https://github.com/barghsadev/barghsa-core/pull/89
90,feat: session revocation endpoints and security settings page,2026-08-25T06:07:08Z,feat/e02-t-02-02-02--session-revocation,02-auth-users-admin.md#T-02.02.02,https://github.com/barghsadev/barghsa-core/pull/90
91,feat: CSRF protection (T-02.02.03),2026-08-25T06:32:27Z,feat/e02-t-02-02-03--csrf-protection,02-auth-users-admin.md#T-02.02.03,https://github.com/barghsadev/barghsa-core/pull/91
92,feat(e02): add step-up authentication infrastructure (T-02.02.04),2026-08-25T06:46:27Z,feat/e02-t-02-02-04--step-up-auth,02-auth-users-admin.md#T-02.02.04,https://github.com/barghsadev/barghsa-core/pull/92
93,feat: forgot-password request UI with backend endpoint and inline OTP (T-02.03.01),2026-08-25T07:28:24Z,feat/e02-t-02-03-01--forgot-password-ui,02-auth-users-admin.md#T-02.03.01,https://github.com/barghsadev/barghsa-core/pull/93
94,feat: create Dockerfile.web with multi-stage build,2026-08-25T07:51:28Z,feat/e03-t-03-01-01--dockerfile-web,01-platform-infrastructure.md#T-03.01.01,https://github.com/barghsadev/barghsa-core/pull/94
95,feat: create shared Dockerfile.base for API and worker,2026-08-25T08:14:33Z,feat/e03-t-03-01-02--dockerfile-base,01-platform-infrastructure.md#T-03.01.02,https://github.com/barghsadev/barghsa-core/pull/95
96,feat: create .dockerignore,2026-08-25T08:20:23Z,feat/e03-t-03-01-03--dockerignore,01-platform-infrastructure.md#T-03.01.03,https://github.com/barghsadev/barghsa-core/pull/96
97,feat: add HEALTHCHECK instruction to all Dockerfiles,2026-08-25T08:24:43Z,feat/e03-t-03-01-04--healthcheck,01-platform-infrastructure.md#T-03.01.04,https://github.com/barghsadev/barghsa-core/pull/97
98,feat: implement security hardening in Docker images (T-03.01.05),2026-08-25T08:38:15Z,feat/e03-t-03-01-05--docker-security-hardening,01-platform-infrastructure.md#T-03.01.05,https://github.com/barghsadev/barghsa-core/pull/98
99,feat: implement OTP verification and password reset (T-02.03.02),2026-08-25T08:57:13Z,feat/e02-t-02-03-02--otp-verify-password-reset,02-auth-users-admin.md#T-02.03.02,https://github.com/barghsadev/barghsa-core/pull/99
100,feat(auth): account recovery support path (T-02.03.03),2026-08-25T09:14:57Z,feat/e02-t-02-03-03--account-recovery-support,02-auth-users-admin.md#T-02.03.03,https://github.com/barghsadev/barghsa-core/pull/100
101,feat(e02): auth rate limit enforcement (T-02.04.01),2026-08-25T09:36:11Z,feat/e02-t-02-04-01--auth-rate-limit,02-auth-users-admin.md#T-02.04.01,https://github.com/barghsadev/barghsa-core/pull/101
102,feat: app-level profile check middleware (T-03.01.01),2026-08-25T10:22:33Z,feat/e02-t-03-01-01--profile-check-middleware,02-auth-users-admin.md#T-03.01.01,https://github.com/barghsadev/barghsa-core/pull/102
103,feat: profile verification check after login (T-03.01.02),2026-08-25T10:46:07Z,feat/e02-t-03-01-02--profile-verification-check,02-auth-users-admin.md#T-03.01.02,https://github.com/barghsadev/barghsa-core/pull/103
104,feat(e03): profile type selection on onboarding (T-03.02.01),2026-08-25T11:03:42Z,feat/e03-t-03-02-01--profile-type-selection,02-auth-users-admin.md#T-03.02.01,https://github.com/barghsadev/barghsa-core/pull/104
105,feat: individual profile form (T-03.02.02),2026-08-25T11:40:46Z,feat/e02-t-03-02-02--individual-profile-form,02-auth-users-admin.md#T-03.02.02,https://github.com/barghsadev/barghsa-core/pull/105
106,"feat(e02): legal profiles backend — DB schema, service, onboarding endpoint (T-03.02.03, slice 1)",2026-08-25T11:56:29Z,feat/e02-t-03-02-03--legal-profiles-backend,02-auth-users-admin.md#T-03.02.03,https://github.com/barghsadev/barghsa-core/pull/106
107,feat(e02): onboarding completion page and redirect (T-03.02.04),2026-08-25T12:36:16Z,feat/e02-t-03-02-04--onboarding-completion,02-auth-users-admin.md#T-03.02.04,https://github.com/barghsadev/barghsa-core/pull/107
108,feat: legal profile form page (T-03.02.03),2026-08-25T13:08:46Z,feat/e02-t-03-02-03--legal-profile-form,02-auth-users-admin.md#T-03.02.03,https://github.com/barghsadev/barghsa-core/pull/108
109,T-03.03.01: Profile switcher in sidebar,2026-08-25T13:46:20Z,feat/e02-t-03-03-01--profile-switcher,02-auth-users-admin.md#T-03.03.01,https://github.com/barghsadev/barghsa-core/pull/109
110,feat: default profile selection modal (T-03.03.02),2026-08-25T14:10:32Z,feat/e02-t-03-03-02--default-profile-selection,02-auth-users-admin.md#T-03.03.02,https://github.com/barghsadev/barghsa-core/pull/110
111,feat: profile settings page (T-03.03.03),2026-08-25T14:37:48Z,feat/e02-t-03-03-03--profile-settings-page,02-auth-users-admin.md#T-03.03.03,https://github.com/barghsadev/barghsa-core/pull/111
112,feat: username/contact changes with OTP verification (T-03.03.04),2026-08-25T14:55:10Z,feat/e02-t-03-03-04--username-contact-changes,02-auth-users-admin.md#T-03.03.04,https://github.com/barghsadev/barghsa-core/pull/112
113,feat: notification channel preferences (T-03.03.05),2026-08-25T15:07:24Z,feat/e03-t-03-03-05--notification-preferences,02-auth-users-admin.md#T-03.03.05,https://github.com/barghsadev/barghsa-core/pull/113
114,feat: timezone settings (T-03.03.06),2026-08-25T15:27:25Z,feat/e02-t-03-03-06--timezone-settings,02-auth-users-admin.md#T-03.03.06,https://github.com/barghsadev/barghsa-core/pull/114
115,feat: Address CRUD for current profile (T-03.04.01),2026-08-25T15:52:36Z,feat/e02-t-03-04-01--address-crud,02-auth-users-admin.md#T-03.04.01,https://github.com/barghsadev/barghsa-core/pull/115
116,feat: address in order flow (T-03.04.02),2026-08-25T16:19:07Z,feat/e02-t-03-04-02--address-in-order-flow,02-auth-users-admin.md#T-03.04.02,https://github.com/barghsadev/barghsa-core/pull/116
117,feat: public TOS page (T-04.01.01),2026-08-25T16:53:44Z,feat/e02-t-04-01-01--public-tos-page,02-auth-users-admin.md#T-04.01.01,https://github.com/barghsadev/barghsa-core/pull/117
118,feat(e04): TOS acceptance storage (T-04.01.02),2026-08-25T17:40:36Z,feat/e04-t-04-01-02--tos-acceptance-storage,02-auth-users-admin.md#T-04.01.02,https://github.com/barghsadev/barghsa-core/pull/118
119,feat(e04): TOS re-acceptance flow with banner and modal (T-04.01.03),2026-08-25T18:09:28Z,feat/e04-t-04-01-03--tos-re-acceptance-flow,02-auth-users-admin.md#T-04.01.03,https://github.com/barghsadev/barghsa-core/pull/119
120,feat(e05): CRM users list backend endpoint with cursor pagination (T-05.01.01 slice 1),2026-08-25T18:47:05Z,feat/e05-t-05-01-01--crm-users-endpoint,02-auth-users-admin.md#T-05.01.01,https://github.com/barghsadev/barghsa-core/pull/120
121,feat(e01): implement coverage threshold enforcement in CI (T-05.03.05),2026-08-25T18:53:09Z,feat/e01-t-05-03-05--coverage-threshold,01-platform-infrastructure.md#T-05.03.05,https://github.com/barghsadev/barghsa-core/pull/121
122,feat(e05): add CRM filters and search backend (T-05.01.02),2026-08-25T19:12:08Z,feat/e05-t-05-01-02--crm-filters-search,02-auth-users-admin.md#T-05.01.02,https://github.com/barghsadev/barghsa-core/pull/122
123,feat(e05): full CRM profile detail view with backend API and frontend page (T-05.02.01),2026-08-25T19:50:31Z,feat/e02-t-05-02-01--crm-profile-detail,02-auth-users-admin.md#T-05.02.01,https://github.com/barghsadev/barghsa-core/pull/123
124,feat(e05): staff profile editing with backend PATCH and frontend edit mode (T-05.02.02),2026-08-25T20:28:47Z,feat/e02-t-05-02-02--staff-profile-editing,02-auth-users-admin.md#T-05.02.02,https://github.com/barghsadev/barghsa-core/pull/124
125,feat: verification state management (T-05.02.03),2026-08-25T20:44:18Z,feat/e05-t-05-02-03--verification-state,02-auth-users-admin.md#T-05.02.03,https://github.com/barghsadev/barghsa-core/pull/125
126,feat(e05): force password change and session expiry (T-05.02.04),2026-08-25T21:45:27Z,feat/e05-t-05-02-04--force-password-change-session-expiry,02-auth-users-admin.md#T-05.02.04,https://github.com/barghsadev/barghsa-core/pull/126
127,T-05.02.05 — Identity correction through verification case,2026-08-25T22:07:17Z,feat/e02-t-05-02-05--identity-correction-case,02-auth-users-admin.md#T-05.02.05,https://github.com/barghsadev/barghsa-core/pull/127
128,T-05.02.06: Profile deletion by staff (soft-delete),2026-08-25T22:17:52Z,feat/e02-t-05-02-06--profile-deletion,02-auth-users-admin.md#T-05.02.06,https://github.com/barghsadev/barghsa-core/pull/128
129,feat: create staff user endpoint (T-05.03.01),2026-08-25T22:40:30Z,feat/e02-t-05-03-01--create-staff-user,02-auth-users-admin.md#T-05.03.01,https://github.com/barghsadev/barghsa-core/pull/129
130,feat: staff role assignment (T-05.03.02),2026-08-25T22:53:18Z,feat/e02-t-05-03-02--staff-role-assignment,02-auth-users-admin.md#T-05.03.02,https://github.com/barghsadev/barghsa-core/pull/130
131,feat(e02): agent list for legal profile (T-05.04.01),2026-08-25T23:14:12Z,feat/e02-t-05-04-01--agent-list-for-legal-entity,02-auth-users-admin.md#T-05.04.01,https://github.com/barghsadev/barghsa-core/pull/131
132,feat(agents): implement agent invitation flow (T-05.04.02),2026-08-25T23:43:54Z,feat/e02-t-05-04-02--agent-invitation-flow,02-auth-users-admin.md#T-05.04.02,https://github.com/barghsadev/barghsa-core/pull/132
133,feat: accept/decline invitation flow (T-05.04.03),2026-08-26T00:09:27Z,feat/e02-t-05-04-03--accept-decline-invitation,02-auth-users-admin.md#T-05.04.03,https://github.com/barghsadev/barghsa-core/pull/133
134,"feat: agent permission matrix and AgentRoleGuard (T-05.04.04, first slice)",2026-08-26T00:21:07Z,feat/e02-t-05-04-04--agent-role-permissions,02-auth-users-admin.md#T-05.04.04,https://github.com/barghsadev/barghsa-core/pull/134
135,feat: ownership transfer initiation endpoint (T-05.04.05 first slice),2026-08-26T00:47:55Z,feat/e02-t-05-04-05--ownership-transfer,02-auth-users-admin.md#T-05.04.05,https://github.com/barghsadev/barghsa-core/pull/135
136,feat: profiles awaiting verification dashboard widget (T-05.05.01),2026-08-26T01:15:08Z,feat/e02-t-05-05-01--pending-verification-widget,02-auth-users-admin.md#T-05.05.01,https://github.com/barghsadev/barghsa-core/pull/136
137,feat: agent invitation dashboard widget (T-05.05.02),2026-08-26T01:23:22Z,feat/e02-t-05-05-02--agent-invitation-widget,02-auth-users-admin.md#T-05.05.02,https://github.com/barghsadev/barghsa-core/pull/137
138,feat: ticket creation endpoint (T-06.01.01),2026-08-26T01:38:41Z,feat/e02-t-06-01-01--ticket-creation,02-auth-users-admin.md#T-06.01.01,https://github.com/barghsadev/barghsa-core/pull/138
139,"feat: ticket list, detail, and comments API endpoints (T-06.01.02 slice 1)",2026-08-26T02:08:42Z,feat/e06-t-06-01-02-s1--ticket-list-api,02-auth-users-admin.md#T-06.01.02,https://github.com/barghsadev/barghsa-core/pull/139
140,feat: staff ticket management slice (T-06.01.03),2026-08-26T02:41:33Z,feat/e02-t-06-01-03--staff-ticket-management,02-auth-users-admin.md#T-06.01.03,https://github.com/barghsadev/barghsa-core/pull/140
141,feat: profile verification mode setting (T-07.01.01),2026-08-26T03:11:13Z,feat/e02-t-07-01-01--verification-mode-setting,02-auth-users-admin.md#T-07.01.01,https://github.com/barghsadev/barghsa-core/pull/141
142,feat: verification provider adapter framework (T-07.01.02),2026-08-26T03:34:31Z,feat/e02-t-07-01-02--api-verification-provider,02-auth-users-admin.md#T-07.01.02,https://github.com/barghsadev/barghsa-core/pull/142
143,feat(e08): dashboard page layout with overview cards and API endpoint,2026-08-26T04:55:06Z,feat/e08-t-08-01-01--dashboard-page,02-auth-users-admin.md#T-08.01.01,https://github.com/barghsadev/barghsa-core/pull/143
144,feat(core-business): create products table with full product catalog schema,2026-08-26T05:26:39Z,feat/e03-t-03-01-01-01--products-table,03-core-business.md#T-03.01.01.01,https://github.com/barghsadev/barghsa-core/pull/144
145,feat(db): create product_price_versions table for versioned pricing,2026-08-26T05:40:05Z,feat/e03-t-03-01-01-02--product-price-versions,03-core-business.md#T-03.01.01.02,https://github.com/barghsadev/barghsa-core/pull/145
146,feat(e02): implement in-app notification stub and verification notifications (T-07.01.03),2026-08-26T06:16:43Z,feat/e02-t-07-01-03--verification-notification,02-auth-users-admin.md#T-07.01.03,https://github.com/barghsadev/barghsa-core/pull/146
147,feat(db): create product_categories table (T-03.01.01.03),2026-08-26T06:27:59Z,feat/e03-t-03-01-01-03--product-categories,03-core-business.md#T-03.01.01.03,https://github.com/barghsadev/barghsa-core/pull/147
148,feat(db): create electricity_product_limits table (T-03.01.01.04),2026-08-26T06:41:41Z,feat/e03-t-03-01-01-04--electricity-product-limits,03-core-business.md#T-03.01.01.04,https://github.com/barghsadev/barghsa-core/pull/148
149,"feat(e04): create wallet foundation — wallets table, WalletService, API module",2026-08-26T08:47:45Z,feat/e04-t-04-2-01-01--wallets-table,04-invoices-wallet-contracts.md#T-04.2.01.01;04-invoices-wallet-contracts.md#T-04.2.01.02,https://github.com/barghsadev/barghsa-core/pull/149
150,feat(db): create invoices table schema (T-04.1.01.01),2026-08-26T09:15:14Z,feat/e04-t-04-1-01-01--invoice-table,04-invoices-wallet-contracts.md#T-04.1.01.01,https://github.com/barghsadev/barghsa-core/pull/150
151,feat(db): create invoice_state enum with all 9 states,2026-08-26T09:27:10Z,feat/e04-t-04-1-01-02--invoice-state-enum,04-invoices-wallet-contracts.md#T-04.1.01.02,https://github.com/barghsadev/barghsa-core/pull/151
152,"feat(e04): InvoiceStateMachine service — guards, transition validation, audit emission",2026-08-26T09:59:08Z,feat/e04-t-04-1-01-03--invoice-state-machine,04-invoices-wallet-contracts.md#T-04.1.01.03,https://github.com/barghsadev/barghsa-core/pull/152
153,"feat(e02): WalletBalanceCard — IRR+Toman display, low-balance warning",2026-08-26T10:15:16Z,feat/e02-t-08-01-02--wallet-balance-card,02-auth-users-admin.md#T-08.01.02,https://github.com/barghsadev/barghsa-core/pull/153
154,feat(dashboard): quick status cards with icon+count+color-coding (T-08.01.03),2026-08-26T10:42:44Z,feat/e02-t-08-01-03--quick-status-cards,02-auth-users-admin.md#T-08.01.03,https://github.com/barghsadev/barghsa-core/pull/154
155,feat(admin): branding settings page with Draft/Active lifecycle (T-09.01.01),2026-08-26T11:08:10Z,feat/e02-t-09-01-01--branding-settings,02-auth-users-admin.md#T-09.01.01,https://github.com/barghsadev/barghsa-core/pull/155
156,feat(e02): apply brand theme to auth pages and public UI (T-09.01.02),2026-08-26T11:32:00Z,feat/e09-t-09-01-02--theme-application,02-auth-users-admin.md#T-09.01.02,https://github.com/barghsadev/barghsa-core/pull/156
157,feat: admin province CRUD (T-09.02.01),2026-08-26T12:15:57Z,feat/e09-t-09-02-01--province-crud,02-auth-users-admin.md#T-09.02.01,https://github.com/barghsadev/barghsa-core/pull/157
158,feat: admin city CRUD (T-09.02.02),2026-08-26T12:45:00Z,feat/e09-t-09-02-02--city-crud,02-auth-users-admin.md#T-09.02.02,https://github.com/barghsadev/barghsa-core/pull/158
159,feat(tos): admin TOS editor with draft/publish lifecycle (T-09.03.01),2026-08-26T13:09:15Z,feat/e09-t-09-03-01--tos-editor,02-auth-users-admin.md#T-09.03.01,https://github.com/barghsadev/barghsa-core/pull/159
160,feat(tos): TOS version history with read-only detail view (T-09.03.02),2026-08-26T13:21:26Z,feat/e02-t-09-03-02--tos-version-history,02-auth-users-admin.md#T-09.03.02,https://github.com/barghsadev/barghsa-core/pull/160
161,feat: notification template editor (T-09.04.01),2026-08-26T15:49:09Z,feat/e09-t-09-04-01--notification-template-editor,02-auth-users-admin.md#T-09.04.01,https://github.com/barghsadev/barghsa-core/pull/161
162,feat(admin): staff role management with effective permissions (T-09.05.01),2026-08-26T16:21:44Z,feat/e02-t-09-05-01--staff-role-management,02-auth-users-admin.md#T-09.05.01,https://github.com/barghsadev/barghsa-core/pull/162
163,"feat(e05): notification module scaffold — transport interface, outbox/job tables, worker reader",2026-08-26T22:58:27Z,feat/e05-t-05-01-01--notification-scaffold,05-notifications-documents-ai.md#T-05.01.01,https://github.com/barghsadev/barghsa-core/pull/163
164,feat(e05): durable outbox write pipeline — transactional enqueue + dispatch runner (T-05.01.02),2026-08-26T23:26:13Z,feat/e05-t-05-01-02--outbox-write-pipeline,05-notifications-documents-ai.md#T-05.01.02,https://github.com/barghsadev/barghsa-core/pull/164
165,feat(worker): job queue retry schedule with jitter and dead-letter (T-05.01.03),2026-08-27T00:06:22Z,feat/e05-t-05-01-03--job-retry-schedule,05-notifications-documents-ai.md#T-05.01.03,https://github.com/barghsadev/barghsa-core/pull/165
166,feat(e05): per-channel idempotency for notification delivery (T-05.01.04),2026-08-27T00:26:25Z,feat/e05-t-05-01-04--idempotency-delivery,05-notifications-documents-ai.md#T-05.01.04,https://github.com/barghsadev/barghsa-core/pull/166
167,feat(e05): status tracking & delivery logs for notification outbox (T-05.01.05),2026-08-27T01:11:36Z,feat/e05-t-05-01-05--delivery-logs,05-notifications-documents-ai.md#T-05.01.05,https://github.com/barghsadev/barghsa-core/pull/167
168,feat(e05): dead-letter queue & admin UI (T-05.01.06),2026-08-27T02:58:52Z,feat/e05-t-05-01-06--dead-letter-queue,05-notifications-documents-ai.md#T-05.01.06,https://github.com/barghsadev/barghsa-core/pull/168
169,feat(e05): worker notification metrics & observability (T-05.01.07),2026-08-27T03:19:30Z,feat/e05-t-05-01-07--worker-metrics,05-notifications-documents-ai.md#T-05.01.07,https://github.com/barghsadev/barghsa-core/pull/169
170,feat(notifications): in-app notification entity & transport (T-05.02.01),2026-08-27T03:46:37Z,feat/e05-t-05-02-01--in-app-notifications,05-notifications-documents-ai.md#T-05.02.01,https://github.com/barghsadev/barghsa-core/pull/170
171,feat(notifications): notification center API (T-05.02.02),2026-08-27T04:32:52Z,feat/e05-t-05-02-02--notification-center-api,05-notifications-documents-ai.md#T-05.02.02,https://github.com/barghsadev/barghsa-core/pull/171
172,feat(web): notification center UI (T-05.02.03),2026-08-27T04:54:04Z,feat/e05-t-05-02-03--notification-center-ui,05-notifications-documents-ai.md#T-05.02.03,https://github.com/barghsadev/barghsa-core/pull/172
173,feat(web): real-time notification badge polling & title (T-05.02.04),2026-08-27T05:11:11Z,feat/e05-t-05-02-04--notification-polling,05-notifications-documents-ai.md#T-05.02.04,https://github.com/barghsadev/barghsa-core/pull/173
174,feat(notifications): notification type registry & classification (T-05.03.01),2026-08-27T05:30:43Z,feat/e05-t-05-03-01--notification-type-registry,05-notifications-documents-ai.md#T-05.03.01,https://github.com/barghsadev/barghsa-core/pull/174
175,feat(notifications): delivery window logic (T-05.03.02),2026-08-27T06:03:19Z,feat/e05-t-05-03-02--delivery-window,05-notifications-documents-ai.md#T-05.03.02,https://github.com/barghsadev/barghsa-core/pull/175
176,feat(notifications): admin delivery-window configuration UI (T-05.03.03),2026-08-27T08:29:45Z,feat/e05-t-05-03-03--admin-delivery-window-2009,05-notifications-documents-ai.md#T-05.03.03,https://github.com/barghsadev/barghsa-core/pull/176
177,feat(notifications): template variables carry descriptions (T-05.04.01),2026-08-27T08:58:36Z,feat/e05-t-05-04-01--template-variable-descriptions,05-notifications-documents-ai.md#T-05.04.01,https://github.com/barghsadev/barghsa-core/pull/177
178,feat(api): hardened notification template engine (T-05.04.02),2026-08-27T11:34:53Z,feat/e05-t-05-04-02--template-engine,05-notifications-documents-ai.md#T-05.04.02,https://github.com/barghsadev/barghsa-core/pull/178
179,feat(web): notification template preview panel (T-05.04.03),2026-08-27T12:13:51Z,feat/e05-t-05-04-03--template-preview,05-notifications-documents-ai.md#T-05.04.03,https://github.com/barghsadev/barghsa-core/pull/179
180,T-05.04.04: Template test-send destination validation & tracking,2026-08-27T12:40:00Z,feat/e05-t-05-04-04--template-test-send,05-notifications-documents-ai.md#T-05.04.04,https://github.com/barghsadev/barghsa-core/pull/180
181,T-05.04.05: Seed initial notification templates (T-05.04.05),2026-08-27T13:30:15Z,feat/e05-t-05-04-05--template-seeding,05-notifications-documents-ai.md#T-05.04.05,https://github.com/barghsadev/barghsa-core/pull/181
182,feat(db): notification category model & marketing consent preferences (T-05.05.01),2026-08-27T13:45:06Z,feat/e05-t-05-05-01--notification-category-model,05-notifications-documents-ai.md#T-05.05.01,https://github.com/barghsadev/barghsa-core/pull/182
183,feat(worker): channel availability rules (T-05.05.02),2026-08-27T14:09:34Z,feat/e05-t-05-05-02--channel-availability-rules,05-notifications-documents-ai.md#T-05.05.02,https://github.com/barghsadev/barghsa-core/pull/183
184,feat(notifications): marketing consent UI in profile settings (T-05.05.03),2026-08-27T14:34:09Z,feat/e05-t-05-05-03--marketing-consent-hist-2610,05-notifications-documents-ai.md#T-05.05.03,https://github.com/barghsadev/barghsa-core/pull/184
185,feat(notifications): email provider config entity & lifecycle (T-05.06.01),2026-08-27T15:06:11Z,feat/e05-t-05-06-01--email-provider-config,05-notifications-documents-ai.md#T-05.06.01,https://github.com/barghsadev/barghsa-core/pull/185
186,feat(e05): SMTP provider configuration & connection testing (T-05.06.02),2026-08-27T15:45:18Z,feat/e05-t-05-06-02--smtp-configuration,05-notifications-documents-ai.md#T-05.06.02,https://github.com/barghsadev/barghsa-core/pull/186
187,Resend email provider configuration & test-send (T-05.06.03),2026-08-27T16:04:49Z,feat/e05-t-05-06-03--resend-config,05-notifications-documents-ai.md#T-05.06.03,https://github.com/barghsadev/barghsa-core/pull/187
188,feat(web): email provider admin UI (T-05.06.04),2026-08-27T17:55:41Z,feat/e05-t-05-06-04--provider-admin-ui,05-notifications-documents-ai.md#T-05.06.04,https://github.com/barghsadev/barghsa-core/pull/188
189,feat(api): provider secrets encryption & masking (T-05.06.05),2026-08-27T19:00:36Z,feat/e05-t-05-06-05--provider-secrets,05-notifications-documents-ai.md#T-05.06.05,https://github.com/barghsadev/barghsa-core/pull/189
190,feat(notifications): email provider circuit breaker (T-05.06.06),2026-08-27T19:28:28Z,feat/e05-t-05-06-06--email-circuit-breaker,05-notifications-documents-ai.md#T-05.06.06,https://github.com/barghsadev/barghsa-core/pull/190
191,feat(notifications): Resend delivery callback webhooks (T-05.06.07),2026-08-27T20:02:46Z,feat/e05-t-05-06-07--email-delivery-callbacks,05-notifications-documents-ai.md#T-05.06.07,https://github.com/barghsadev/barghsa-core/pull/191
192,feat(api): enforce admin:notification-providers:edit + step-up auth on email provider config (T-09.06.01),2026-08-27T20:16:44Z,feat/e02-t-09-06-01--email-transport-config,02-auth-users-admin.md#T-09.06.01,https://github.com/barghsadev/barghsa-core/pull/192
193,feat(provider-config): SMS.ir provider configuration lifecycle (T-09.06.02),2026-08-27T21:23:19Z,feat/e02-t-09-06-02--smsir-provider-config,02-auth-users-admin.md#T-09.06.02,https://github.com/barghsadev/barghsa-core/pull/193
194,feat(admin): delivery-window config step-up + permission gate (T-09.06.03),2026-08-27T21:49:33Z,feat/e02-t-09-06-03--delivery-window-auth,02-auth-users-admin.md#T-09.06.03,https://github.com/barghsadev/barghsa-core/pull/194
195,feat(admin): dual-approval threshold configuration (T-09.07.01),2026-08-27T22:05:49Z,feat/e02-t-09-07-01--dual-approval-threshold,02-auth-users-admin.md#T-09.07.01,https://github.com/barghsadev/barghsa-core/pull/195
196,feat(admin): dual-approval approval request lifecycle (T-09.07.02 slice),2026-08-27T22:24:55Z,feat/e02-t-09-07-02--dual-approval-workflow,02-auth-users-admin.md#T-09.07.02,https://github.com/barghsadev/barghsa-core/pull/196
197,feat(admin): service response targets config + breach scan (T-09.08.01),2026-08-27T23:07:41Z,feat/e02-t-09-08-01--service-response-targets,02-auth-users-admin.md#T-09.08.01,https://github.com/barghsadev/barghsa-core/pull/197
198,"feat(admin,db): staff teams + assignment rules config (T-09.08.02 slice 1)",2026-08-28T07:06:55Z,feat/e02-t-09-08-02--staff-teams-assignment,02-auth-users-admin.md#T-09.08.02,https://github.com/barghsadev/barghsa-core/pull/198
199,"feat(admin,db,worker,shared): service escalation policy and scanner (T-09.08.03)",2026-08-28T08:00:19Z,feat/e09-t-09-08-03--escalation-alerts,02-auth-users-admin.md#T-09.08.03,https://github.com/barghsadev/barghsa-core/pull/199
200,feat(admin): reconciliation exceptions review surface (T-09.09.01),2026-08-28T08:25:37Z,feat/e02-t-09-09-01--reconciliation-exceptions,02-auth-users-admin.md#T-09.09.01,https://github.com/barghsadev/barghsa-core/pull/200
201,feat(admin): failed-jobs dashboard for background-job triage (T-09.09.02),2026-08-28T08:56:15Z,feat/e02-t-09-09-02--failed-jobs-dashboard,02-auth-users-admin.md#T-09.09.02,https://github.com/barghsadev/barghsa-core/pull/201
202,chore(loop): T-09.09.02 merged (PR #201) — return to idle,2026-08-28T08:58:09Z,chore/t090902-state,02-auth-users-admin.md#T-09.09.02,https://github.com/barghsadev/barghsa-core/pull/202
203,feat(admin): dead-letter notifications triage surface (T-09.09.03),2026-08-28T09:53:37Z,feat/e02-t-09-09-03--dead-letter-notifications,02-auth-users-admin.md#T-09.09.03,https://github.com/barghsadev/barghsa-core/pull/203
204,feat(admin): configurable online wallet top-up limit (T-09.10.01),2026-08-28T10:18:46Z,feat/e02-t-09-10-01--wallet-topup-limit,02-auth-users-admin.md#T-09.10.01,https://github.com/barghsadev/barghsa-core/pull/204
205,feat(admin): mandatory green-electricity rules config (T-09.10.02),2026-08-28T10:42:35Z,feat/e02-t-09-10-02--green-electricity-rules,02-auth-users-admin.md#T-09.10.02,https://github.com/barghsadev/barghsa-core/pull/205
206,feat(admin): green rule activation safety check (T-09.10.03),2026-08-28T11:06:27Z,feat/e02-t-09-10-03--green-rule-activation-safety,02-auth-users-admin.md#T-09.10.03,https://github.com/barghsadev/barghsa-core/pull/206
207,"feat(admin): AI model management API — CRUD, encrypted tokens, test ping (T-09.11.01, API slice)",2026-08-28T11:33:35Z,feat/e02-t-09-11-01--ai-model-management,02-auth-users-admin.md#T-09.11.01,https://github.com/barghsadev/barghsa-core/pull/207
208,feat(admin): knowledge base & KB group management API (T-09.11.02),2026-08-28T12:27:25Z,feat/e02-t-09-11-02--knowledge-bases,02-auth-users-admin.md#T-09.11.02,https://github.com/barghsadev/barghsa-core/pull/208
209,feat(admin): AI policy & policy group management API (T-09.11.03),2026-08-28T13:14:47Z,feat/e02-t-09-11-03--ai-policy-management,02-auth-users-admin.md#T-09.11.03,https://github.com/barghsadev/barghsa-core/pull/209
210,"feat(admin): AI agent management CRUD + model/KB/policy links (T-09.11.04, slice 1)",2026-08-28T14:04:36Z,feat/e02-t-09-11-04--ai-agent-management,02-auth-users-admin.md#T-09.11.04,https://github.com/barghsadev/barghsa-core/pull/210
211,feat(admin): AI agent slot assignment API (T-09.11.05),2026-08-28T14:37:49Z,feat/e02-t-09-11-05--agent-slot-assignment,02-auth-users-admin.md#T-09.11.05,https://github.com/barghsadev/barghsa-core/pull/211
212,feat(admin): product catalogue management API (T-09.12.01),2026-08-28T15:23:35Z,feat/e02-t-09-12-01--admin-catalogue,02-auth-users-admin.md#T-09.12.01,https://github.com/barghsadev/barghsa-core/pull/212
213,"feat(admin): VAT configuration — versioned rates, product overrides, resolution seam (T-09.12.02)",2026-08-28T16:11:49Z,feat/e09-t-09-12-02--vat-config,02-auth-users-admin.md#T-09.12.02,https://github.com/barghsadev/barghsa-core/pull/213
214,feat(admin): gift code management with atomic order-creation redemption (T-09.12.03),2026-08-28T17:02:26Z,feat/e09-t-09-12-03--gift-code-management,02-auth-users-admin.md#T-09.12.03,https://github.com/barghsadev/barghsa-core/pull/214
215,feat(admin): contract template management with placeholders and versioning (T-09.12.04),2026-08-28T18:22:47Z,feat/e02-t-09-12-04--contract-templates,02-auth-users-admin.md#T-09.12.04,https://github.com/barghsadev/barghsa-core/pull/215
216,feat(admin): upload policy configuration — versioned per-category policies enforced against deployment limits (T-09.12.05),2026-08-29T16:27:01Z,feat/e02-t-09-12-05--upload-policies,02-auth-users-admin.md#T-09.12.05,https://github.com/barghsadev/barghsa-core/pull/216
217,feat(admin): contract electricity limits configuration (T-09.12.06),2026-08-29T16:50:01Z,feat/e02-t-09-12-06--contract-electricity-limits,02-auth-users-admin.md#T-09.12.06,https://github.com/barghsadev/barghsa-core/pull/217
218,feat(admin): staff user list and disable endpoints (T-10.01.01),2026-08-29T17:08:52Z,feat/e10-t-10-01-01--staff-user-list,02-auth-users-admin.md#T-10.01.01,https://github.com/barghsadev/barghsa-core/pull/218
219,feat(admin): staff permission audit view (T-10.01.02),2026-08-29T17:20:33Z,feat/e10-t-10-01-02--staff-permission-audit,02-auth-users-admin.md#T-10.01.02,https://github.com/barghsadev/barghsa-core/pull/219
220,feat(db): enforce invoice amount CHECK constraints (T-04.1.01.04),2026-08-29T17:40:27Z,feat/e04-t-04-01-01-04--invoice-amount-constraints,04-invoices-wallet-contracts.md#T-04.1.01.04,https://github.com/barghsadev/barghsa-core/pull/220
221,feat(invoice): audit repository for invoice state transitions (T-04.1.01.05),2026-08-29T17:52:54Z,feat/e04-t-04-01-01-05--invoice-audit-repository,04-invoices-wallet-contracts.md#T-04.1.01.05,https://github.com/barghsadev/barghsa-core/pull/221
222,feat(invoice): real-DB integration tests for the invoice state machine (T-04.1.01.06),2026-08-29T18:14:17Z,feat/e04-t-04-1-01-06--invoice-state-machine-integration-tests,04-invoices-wallet-contracts.md#T-04.1.01.06,https://github.com/barghsadev/barghsa-core/pull/222
223,feat(db): invoice_lines and invoice_items tables with FKs and constraints (T-04.1.02.01),2026-08-29T18:26:08Z,feat/e04-t-04-1-02-01--invoice-lines-items-tables,04-invoices-wallet-contracts.md#T-04.1.02.01,https://github.com/barghsadev/barghsa-core/pull/223
224,feat(invoice): ManualInvoiceService with atomic create+issue (T-04.1.02.02),2026-08-29T19:04:08Z,feat/e04-t-04-1-02-02--manual-invoice-service,04-invoices-wallet-contracts.md#T-04.1.02.02,https://github.com/barghsadev/barghsa-core/pull/224
225,feat(invoice): AutoInvoiceService with atomic order-linked creation (T-04.1.02.03),2026-08-29T19:46:13Z,feat/e04-t-04-1-02-03--auto-invoice-service,04-invoices-wallet-contracts.md#T-04.1.02.03,https://github.com/barghsadev/barghsa-core/pull/225
226,feat(invoice): VAT calculation module with category default / product override resolution (T-04.1.02.04),2026-08-29T20:08:23Z,feat/e04-t-04-1-02-04--vat-calculation-module,04-invoices-wallet-contracts.md#T-04.1.02.04,https://github.com/barghsadev/barghsa-core/pull/226
227,feat(invoice): link invoice to origin with nullable order/contract/consultation FKs (T-04.1.02.05),2026-08-29T20:22:51Z,feat/e04-t-04-1-02-05--invoice-origin-fks,04-invoices-wallet-contracts.md#T-04.1.02.05,https://github.com/barghsadev/barghsa-core/pull/227
228,feat(invoice): enforce idempotency with unique order_id+type index (T-04.1.02.06),2026-08-29T20:37:25Z,feat/e04-t-04-1-02-06--invoice-type-idempotency,04-invoices-wallet-contracts.md#T-04.1.02.06,https://github.com/barghsadev/barghsa-core/pull/228
229,feat(invoice): RoundingService.roundHalfUp with table-driven tests (T-04.1.02.07),2026-08-29T20:53:21Z,feat/e04-t-04-1-02-07--rounding-service,04-invoices-wallet-contracts.md#T-04.1.02.07,https://github.com/barghsadev/barghsa-core/pull/229
231,feat: 04-invoices-wallet-contracts.md#T-04.1.02.08,2026-08-30T00:37:45Z,feat/e04-t-04-1-02-08--add-invoice_calculation_snapshot-jsonb-c,04-invoices-wallet-contracts.md#T-04.1.02.08,https://github.com/barghsadev/barghsa-core/pull/231
232,feat(invoice): add invoice_calculation_snapshot JSONB for reproducibility (T-04.1.02.08),2026-08-30T02:29:15Z,feat/e04-t-04-1-02-08--add-invoice_calculation_snapshot-jso,04-invoices-wallet-contracts.md#T-04.1.02.08,https://github.com/barghsadev/barghsa-core/pull/232
233,test(invoice): replay calculation snapshots to prove identical totals (T-04.1.02.09),2026-08-30T10:48:28Z,feat/e04-t-04-1-02-09--verify-reproducibility-integration-t,04-invoices-wallet-contracts.md#T-04.1.02.09,https://github.com/barghsadev/barghsa-core/pull/233
234,fix(loop): type Codex review schema fields,2026-08-30T10:41:51Z,fix/codex-review-schema-types,,https://github.com/barghsadev/barghsa-core/pull/234
235,fix(loop): review PRs after main advances,2026-08-30T10:44:46Z,fix/loop-stale-pr-base,,https://github.com/barghsadev/barghsa-core/pull/235
236,feat(invoice): add service_due_periods admin config table (T-04.1.03.01),2026-08-30T11:05:28Z,feat/e04-t-04-1-03-01--add-service_due_periods-admin-config,04-invoices-wallet-contracts.md#T-04.1.03.01,https://github.com/barghsadev/barghsa-core/pull/236
237,feat(invoice): calculate dueAt from issuedAt + config days (T-04.1.03.02),2026-08-30T11:23:29Z,feat/e04-t-04-1-03-02--add-dueat-calculation-logic-issuedat,04-invoices-wallet-contracts.md#T-04.1.03.02,https://github.com/barghsadev/barghsa-core/pull/237
238,feat(invoice): staff dueAt override UI/API with audited reason (T-04.1.03.03),2026-08-30T11:54:30Z,feat/e04-t-04-1-03-03--build-staff-override-ui-api-override,04-invoices-wallet-contracts.md#T-04.1.03.03,https://github.com/barghsadev/barghsa-core/pull/238
239,feat(invoice): mark past-due invoices Overdue via worker cron (T-04.1.03.04),2026-08-30T12:27:31Z,feat/e04-t-04-1-03-04--cron-job-mark-invoices-past-dueat-as,04-invoices-wallet-contracts.md#T-04.1.03.04,https://github.com/barghsadev/barghsa-core/pull/239
240,feat(invoice): add invoice_reminder_schedule table (T-04.1.04.01),2026-08-30T12:43:31Z,feat/e04-t-04-1-04-01--design-invoice_reminder_schedule-tab,04-invoices-wallet-contracts.md#T-04.1.04.01,https://github.com/barghsadev/barghsa-core/pull/240
241,feat(invoice): ReminderScheduler worker on invoice issue (T-04.1.04.02),2026-08-30T20:42:44Z,feat/e04-t-04-1-04-02--build-reminderscheduler-worker-on-in,04-invoices-wallet-contracts.md#T-04.1.04.02,https://github.com/barghsadev/barghsa-core/pull/241
242,fix(loop): allow ten fix attempts,2026-08-30T20:16:37Z,fix/loop-max-fix-attempts-10,,https://github.com/barghsadev/barghsa-core/pull/242
243,feat(invoice): ReminderSender hourly worker via outbox (T-04.1.04.03),2026-08-31T00:09:23Z,feat/e04-t-04-1-04-03--build-remindersender-worker-cron-eve,04-invoices-wallet-contracts.md#T-04.1.04.03,https://github.com/barghsadev/barghsa-core/pull/243
244,feat(invoice): unique reminder schedule index for idempotency (T-04.1.04.04),2026-08-31T00:23:23Z,feat/e04-t-04-1-04-04--enforce-idempotency-unique-index-on-,04-invoices-wallet-contracts.md#T-04.1.04.04,https://github.com/barghsadev/barghsa-core/pull/244
245,feat(invoice): admin toggle UI for reminder offsets per service type (T-04.1.04.05),2026-08-31T02:13:40Z,feat/e04-t-04-1-04-05--admin-toggle-ui-enable-disable-each-,04-invoices-wallet-contracts.md#T-04.1.04.05,https://github.com/barghsadev/barghsa-core/pull/245
246,feat(invoice): stop reminders when invoice enters Paid/Cancelled/Refunded (T-04.1.04.06),2026-08-31T02:33:40Z,feat/e04-t-04-1-04-06--stop-reminders-when-invoice-enters-p,04-invoices-wallet-contracts.md#T-04.1.04.06,https://github.com/barghsadev/barghsa-core/pull/246
247,feat(invoice): add replacesInvoiceId and adjustmentForInvoiceId self-FKs (T-04.1.05.01),2026-08-31T02:49:27Z,feat/e04-t-04-1-05-01--add-replacesinvoiceid-and-adjustment,04-invoices-wallet-contracts.md#T-04.1.05.01,https://github.com/barghsadev/barghsa-core/pull/247
248,feat(invoice): cancel and replace unpaid invoices with a linked replacement (T-04.1.05.02),2026-08-31T03:24:28Z,feat/e04-t-04-1-05-02--build-cancelandreplaceinvoice-invoic,04-invoices-wallet-contracts.md#T-04.1.05.02,https://github.com/barghsadev/barghsa-core/pull/248
249,feat(invoice): create linked post-payment adjustment invoices (T-04.1.05.03),2026-08-31T04:19:43Z,feat/e04-t-04-1-05-03--build-createadjustmentinvoice-origin,04-invoices-wallet-contracts.md#T-04.1.05.03,https://github.com/barghsadev/barghsa-core/pull/249
250,feat(invoice): customer invoice details show original + correction chain (T-04.1.05.04),2026-08-31T05:15:45Z,feat/e04-t-04-1-05-04--customer-facing-invoice-details-page,04-invoices-wallet-contracts.md#T-04.1.05.04,https://github.com/barghsadev/barghsa-core/pull/250
251,feat(wallet): add wallet_transactions ledger table (T-04.2.01.02),2026-08-31T05:30:32Z,feat/e04-t-04-2-01-02--create-wallet_transactions-table-id-,04-invoices-wallet-contracts.md#T-04.2.01.02,https://github.com/barghsadev/barghsa-core/pull/251
252,feat(wallet): implement WalletService.credit with versioned postedBalance,2026-08-31T05:57:47Z,feat/e04-t-04-2-01-03--implement-walletservice-credit-walle,04-invoices-wallet-contracts.md#T-04.2.01.03,https://github.com/barghsadev/barghsa-core/pull/252
253,feat(wallet): implement WalletService.debit reserve-then-complete (T-04.2.01.04),2026-08-31T06:26:34Z,feat/e04-t-04-2-01-04--implement-walletservice-debit-wallet,04-invoices-wallet-contracts.md#T-04.2.01.04,https://github.com/barghsadev/barghsa-core/pull/253
254,feat(wallet): implement WalletService.credit with collision-safe idempotency,2026-09-01T11:52:53Z,feat/e04-t-04-2-01-03--implement-walletservice-credit-walle,04-invoices-wallet-contracts.md#T-04.2.01.03,https://github.com/barghsadev/barghsa-core/pull/254
255,feat(wallet): implement WalletService.reserve and release for payment holds (T-04.2.01.05),2026-09-01T12:10:52Z,feat/e04-t-04-2-01-05--implement-walletservice-reserve-wall,04-invoices-wallet-contracts.md#T-04.2.01.05,https://github.com/barghsadev/barghsa-core/pull/255
256,feat(wallet): optimistic postedBalance update with version lock (T-04.2.01.06),2026-09-01T12:28:54Z,feat/e04-t-04-2-01-06--implement-optimistic-locking-update-,04-invoices-wallet-contracts.md#T-04.2.01.06,https://github.com/barghsadev/barghsa-core/pull/256
257,feat(wallet): CHECK nonnegative derived available balance (T-04.2.01.07),2026-09-01T12:46:53Z,feat/e04-t-04-2-01-07--add-db-constraint-check-postedbalanc,04-invoices-wallet-contracts.md#T-04.2.01.07,https://github.com/barghsadev/barghsa-core/pull/257
258,feat(wallet): scheduled ledger vs balance reconciliation worker (T-04.2.01.08),2026-09-01T13:05:54Z,feat/e04-t-04-2-01-08--scheduled-reconciliation-worker-comp,04-invoices-wallet-contracts.md#T-04.2.01.08,https://github.com/barghsadev/barghsa-core/pull/258
259,feat(wallet): initiate online top-up with limit check and gateway redirect (T-04.2.02.01),2026-09-01T19:29:06Z,feat/e04-t-04-2-02-01--build-online-top-up-initiation-valid,04-invoices-wallet-contracts.md#T-04.2.02.01,https://github.com/barghsadev/barghsa-core/pull/259
260,feat(wallet): lock wallet_transactions UUID walletId and ledger contract (T-04.2.01.02),2026-09-01T13:55:56Z,feat/e04-t-04-2-01-02--create-wallet_transactions-table-id-,04-invoices-wallet-contracts.md#T-04.2.01.02,https://github.com/barghsadev/barghsa-core/pull/260
261,feat(wallet): restore credit postedBalance >= 0 optimistic update (T-04.2.01.03),2026-09-01T14:11:56Z,feat/e04-t-04-2-01-03--implement-walletservice-credit-walle,04-invoices-wallet-contracts.md#T-04.2.01.03,https://github.com/barghsadev/barghsa-core/pull/261
262,feat(wallet): implement WalletService.debit reserve-then-complete (T-04.2.01.04),2026-09-01T14:25:56Z,feat/e04-t-04-2-01-04--implement-walletservice-debit-wallet,04-invoices-wallet-contracts.md#T-04.2.01.04,https://github.com/barghsadev/barghsa-core/pull/262
263,feat(wallet): implement WalletService.reserve and release for payment holds (T-04.2.01.05),2026-09-01T14:42:58Z,feat/e04-t-04-2-01-05--implement-walletservice-reserve-wall,04-invoices-wallet-contracts.md#T-04.2.01.05,https://github.com/barghsadev/barghsa-core/pull/263
265,feat(wallet): credit online top-ups from authenticated provider callbacks (T-04.2.02.02),2026-09-01T20:37:08Z,feat/e04-t-04-2-02-02--build-provider-callback-handler-veri,04-invoices-wallet-contracts.md#T-04.2.02.02,https://github.com/barghsadev/barghsa-core/pull/265
266,feat(wallet): bank receipt top-up stays Pending until finance confirms (T-04.2.02.03),2026-09-01T21:38:09Z,feat/e04-t-04-2-02-03--build-bank-receipt-top-up-flow-custo,04-invoices-wallet-contracts.md#T-04.2.02.03,https://github.com/barghsadev/barghsa-core/pull/266
267,feat(wallet): staff confirmation UI for bank-receipt top-ups (T-04.2.02.04),2026-09-01T22:18:10Z,feat/e04-t-04-2-02-04--staff-confirmation-ui-review-receipt,04-invoices-wallet-contracts.md#T-04.2.02.04,https://github.com/barghsadev/barghsa-core/pull/267
268,feat(wallet): credit bank-receipt overpayment excess to the wallet (T-04.2.02.05),2026-09-01T23:10:12Z,feat/e04-t-04-2-02-05--overpayment-handling-if-receipt-amou,04-invoices-wallet-contracts.md#T-04.2.02.05,https://github.com/barghsadev/barghsa-core/pull/268
269,feat(wallet): admin-configurable versioned onlineTopUpLimit (T-04.2.02.06),2026-09-01T23:52:12Z,feat/e04-t-04-2-02-06--admin-configurable-onlinetopuplimit-,04-invoices-wallet-contracts.md#T-04.2.02.06,https://github.com/barghsadev/barghsa-core/pull/269
270,feat(wallet): expire stale Pending online top-ups via worker cron (T-04.2.02.07),2026-09-02T00:11:13Z,feat/e04-t-04-2-02-07--expiry-cron-auto-reject-online-top-u,04-invoices-wallet-contracts.md#T-04.2.02.07,https://github.com/barghsadev/barghsa-core/pull/270
271,feat(wallet): implement payInvoiceWithWallet remaining debit (T-04.2.03.01),2026-09-02T00:34:14Z,feat/e04-t-04-2-03-01--implement-payinvoicewithwallet-invoi,04-invoices-wallet-contracts.md#T-04.2.03.01,https://github.com/barghsadev/barghsa-core/pull/271
272,feat(wallet): lock wallet and invoice FOR UPDATE on pay-from-wallet (T-04.2.03.02),2026-09-02T00:56:14Z,feat/e04-t-04-2-03-02--use-db-transaction-select-for-update,04-invoices-wallet-contracts.md#T-04.2.03.02,https://github.com/barghsadev/barghsa-core/pull/272
273,"feat(wallet): unique (idempotencyKey, entityType) cache for payInvoiceWithWallet (T-04.2.03.03)",2026-09-02T01:46:45Z,feat/e04-t-04-2-03-03--implement-idempotency-unique-index-o,04-invoices-wallet-contracts.md#T-04.2.03.03,https://github.com/barghsadev/barghsa-core/pull/273
274,test(wallet): concurrent payInvoiceWithWallet races (T-04.2.03.04),2026-09-02T02:58:18Z,feat/e04-t-04-2-03-04--integration-tests-concurrent-payment,04-invoices-wallet-contracts.md#T-04.2.03.04,https://github.com/barghsadev/barghsa-core/pull/274
275,feat(wallet): implement reverseTransaction compensating ledger reversal (T-04.2.04.01),2026-09-02T03:22:18Z,feat/e04-t-04-2-04-01--implement-reversetransaction-origina,04-invoices-wallet-contracts.md#T-04.2.04.01,https://github.com/barghsadev/barghsa-core/pull/275
276,feat(wallet): detect provider chargebacks and map them to the original top-up (T-04.2.04.02),2026-09-02T03:55:20Z,feat/e04-t-04-2-04-02--build-provider-chargeback-detection-,04-invoices-wallet-contracts.md#T-04.2.04.02,https://github.com/barghsadev/barghsa-core/pull/276
277,feat(wallet): finance alert for unresolved chargebacks (T-04.2.04.03),2026-09-02T04:29:21Z,feat/e04-t-04-2-04-03--finance-alert-push-notification-dash,04-invoices-wallet-contracts.md#T-04.2.04.03,https://github.com/barghsadev/barghsa-core/pull/277
278,fix(web): staff bank-receipt confirmation UI step-up and reject a11y (T-04.2.02.04),2026-09-02T04:49:21Z,feat/e04-t-04-2-02-04--staff-confirmation-ui-review-receipt,04-invoices-wallet-contracts.md#T-04.2.02.04,https://github.com/barghsadev/barghsa-core/pull/278
279,fix(wallet): lock wallet before invoice on bank-receipt overpayment (T-04.2.02.05),2026-09-02T05:09:22Z,feat/e04-t-04-2-02-05--overpayment-handling-if-receipt-amou,04-invoices-wallet-contracts.md#T-04.2.02.05,https://github.com/barghsadev/barghsa-core/pull/279
280,fix(web): fail-closed onlineTopUpLimit submit when the cap is missing (T-04.2.02.06),2026-09-02T05:29:22Z,feat/e04-t-04-2-02-06--admin-configurable-onlinetopuplimit-,04-invoices-wallet-contracts.md#T-04.2.02.06,https://github.com/barghsadev/barghsa-core/pull/280
281,feat(wallet): complete online top-up expiry cron with audit and candidate index (T-04.2.02.07),2026-09-02T05:51:23Z,feat/e04-t-04-2-02-07--expiry-cron-auto-reject-online-top-u,04-invoices-wallet-contracts.md#T-04.2.02.07,https://github.com/barghsadev/barghsa-core/pull/281
282,feat(wallet): FOR UPDATE pay-from-wallet transaction with wallet audit (T-04.2.03.02),2026-09-02T08:37:28Z,feat/e04-t-04-2-03-02--use-db-transaction-select-for-update,04-invoices-wallet-contracts.md#T-04.2.03.02,https://github.com/barghsadev/barghsa-core/pull/282
283,"feat(wallet): unique (idempotencyKey, entityType) cache for payInvoiceWithWallet (T-04.2.03.03)",2026-09-02T08:57:27Z,feat/e04-t-04-2-03-03--implement-idempotency-unique-index-o,04-invoices-wallet-contracts.md#T-04.2.03.03,https://github.com/barghsadev/barghsa-core/pull/283
284,test(wallet): concurrent payInvoiceWithWallet races (T-04.2.03.04),2026-09-02T09:12:58Z,feat/e04-t-04-2-03-04--integration-tests-concurrent-payment,04-invoices-wallet-contracts.md#T-04.2.03.04,https://github.com/barghsadev/barghsa-core/pull/284
285,feat(wallet): keep reverseTransaction the only compensating reversal writer (T-04.2.04.01),2026-09-02T09:45:29Z,feat/e04-t-04-2-04-01--implement-reversetransaction-origina,04-invoices-wallet-contracts.md#T-04.2.04.01,https://github.com/barghsadev/barghsa-core/pull/285
286,fix(web): staff receipt confirmation UI RTL and reject step-up (T-04.2.02.04),2026-09-02T10:00:59Z,feat/e04-t-04-2-02-04--staff-confirmation-ui-review-receipt,04-invoices-wallet-contracts.md#T-04.2.02.04,https://github.com/barghsadev/barghsa-core/pull/286
287,fix(wallet): credit bank-receipt excess only on payable or paid invoices (T-04.2.02.05),2026-09-02T10:20:30Z,feat/e04-t-04-2-02-05--overpayment-handling-if-receipt-amou,04-invoices-wallet-contracts.md#T-04.2.02.05,https://github.com/barghsadev/barghsa-core/pull/287
288,feat(wallet): return enforced onlineTopUpLimit on over-limit submit (T-04.2.02.06),2026-09-02T10:40:00Z,feat/e04-t-04-2-02-06--admin-configurable-onlinetopuplimit-,04-invoices-wallet-contracts.md#T-04.2.02.06,https://github.com/barghsadev/barghsa-core/pull/288
289,fix(wallet): keep online top-up TTL expiry single-writer under concurrency (T-04.2.02.07),2026-09-02T10:58:31Z,feat/e04-t-04-2-02-07--expiry-cron-auto-reject-online-top-u,04-invoices-wallet-contracts.md#T-04.2.02.07,https://github.com/barghsadev/barghsa-core/pull/289
290,feat(wallet): settle invoices only after an exact remaining debit (T-04.2.03.01),2026-09-02T11:20:32Z,feat/e04-t-04-2-03-01--implement-payinvoicewithwallet-invoi,04-invoices-wallet-contracts.md#T-04.2.03.01,https://github.com/barghsadev/barghsa-core/pull/290
291,feat(wallet): FOR UPDATE transaction for pay-from-wallet settlement (T-04.2.03.02),2026-09-02T11:38:02Z,feat/e04-t-04-2-03-02--use-db-transaction-select-for-update,04-invoices-wallet-contracts.md#T-04.2.03.02,https://github.com/barghsadev/barghsa-core/pull/291
292,"feat(wallet): unique (idempotencyKey, entityType) cache for payInvoiceWithWallet (T-04.2.03.03)",2026-09-02T11:57:03Z,feat/e04-t-04-2-03-03--implement-idempotency-unique-index-o,04-invoices-wallet-contracts.md#T-04.2.03.03,https://github.com/barghsadev/barghsa-core/pull/292
293,test(wallet): concurrent payInvoiceWithWallet in-flight and reserve races (T-04.2.03.04),2026-09-02T12:14:33Z,feat/e04-t-04-2-03-04--integration-tests-concurrent-payment,04-invoices-wallet-contracts.md#T-04.2.03.04,https://github.com/barghsadev/barghsa-core/pull/293
294,feat(wallet): bind chargeback event ids to the claimed notification payload (T-04.2.04.02),2026-09-02T13:08:35Z,feat/e04-t-04-2-04-02--build-provider-chargeback-detection-,04-invoices-wallet-contracts.md#T-04.2.04.02,https://github.com/barghsadev/barghsa-core/pull/294
295,feat(wallet): finance alert push + dashboard warning for unresolved chargebacks (T-04.2.04.03),2026-09-02T13:42:37Z,feat/e04-t-04-2-04-03--finance-alert-push-notification-dash,04-invoices-wallet-contracts.md#T-04.2.04.03,https://github.com/barghsadev/barghsa-core/pull/295
296,feat(invoice): add bank_receipts table for staff confirmation (T-04.3.01.01),2026-09-02T14:39:37Z,feat/e04-t-04-3-01-01--create-bank_receipts-table-id-invoic,04-invoices-wallet-contracts.md#T-04.3.01.01,https://github.com/barghsadev/barghsa-core/pull/296
297,feat(invoice): customer bank-receipt upload with amount and file validation (T-04.3.01.02),2026-09-03T11:17:33Z,feat/e04-t-04-3-01-02--customer-upload-flow-validation-amou,04-invoices-wallet-contracts.md#T-04.3.01.02,https://github.com/barghsadev/barghsa-core/pull/297
298,feat(invoice): staff confirmation API with remaining-cap and wallet excess (T-04.3.01.03),2026-09-03T11:39:10Z,feat/e04-t-04-3-01-03--staff-confirmation-api-validate-amou,04-invoices-wallet-contracts.md#T-04.3.01.03,https://github.com/barghsadev/barghsa-core/pull/298
299,feat(invoice): staff rejection API stores reason and notifies customer (T-04.3.01.04),2026-09-03T12:01:36Z,feat/e04-t-04-3-01-04--staff-rejection-api-mark-receipt-rej,04-invoices-wallet-contracts.md#T-04.3.01.04,https://github.com/barghsadev/barghsa-core/pull/299
300,feat(invoice): dual-approval check for high-value bank receipt confirmation (T-04.3.01.05),2026-09-03T13:06:37Z,feat/e04-t-04-3-01-05--dual-approval-check-if-receipt-amoun,04-invoices-wallet-contracts.md#T-04.3.01.05,https://github.com/barghsadev/barghsa-core/pull/300
301,feat(wallet): staff bank-receipt confirmation notifies customer (T-04.2.02.04),2026-09-03T13:28:13Z,feat/e04-t-04-2-02-04--staff-confirmation-ui-review-receipt,04-invoices-wallet-contracts.md#T-04.2.02.04,https://github.com/barghsadev/barghsa-core/pull/301
302,feat(wallet): include overpayment split on bank-receipt completed notice (T-04.2.02.05),2026-09-03T15:22:41Z,feat/e04-t-04-2-02-05--overpayment-handling-if-receipt-amou,04-invoices-wallet-contracts.md#T-04.2.02.05,https://github.com/barghsadev/barghsa-core/pull/302
303,feat(wallet): fail-closed onlineTopUpLimit submit and versioned admin CAS (T-04.2.02.06),2026-09-03T15:47:41Z,feat/e04-t-04-2-02-06--admin-configurable-onlinetopuplimit-,04-invoices-wallet-contracts.md#T-04.2.02.06,https://github.com/barghsadev/barghsa-core/pull/303
